abacus	0	0	0	1	0	0
abandon	0	0	1	0	1	0
abandoned	1	0	1	0	1	0
abandonment	1	0	1	0	1	0
abbot	0	0	0	1	0	0
abduction	0	0	1	0	1	0
abhor	1	0	1	0	0	0
abhorrent	1	0	1	0	0	0
abolish	1	0	0	0	0	0
abominable	0	0	1	0	0	0
abomination	1	0	1	0	0	0
abortion	0	0	1	0	1	0
abortive	0	0	0	0	1	0
abscess	0	0	0	0	1	0
absence	0	0	1	0	1	0
absent	0	0	0	0	1	0
absentee	0	0	0	0	1	0
absolution	0	1	0	1	0	0
abundance	0	1	0	1	0	1
abundant	0	1	0	0	0	0
abuse	1	0	1	0	1	0
abysmal	0	0	0	0	1	0
abyss	0	0	1	0	1	0
academic	0	0	0	1	0	0
accelerate	0	0	0	0	0	1
accident	0	0	1	0	1	0
accidental	0	0	1	0	0	0
accolade	0	1	0	1	0	1
accompaniment	0	1	0	1	0	1
accomplish	0	1	0	0	0	0
accomplished	0	1	0	0	0	0
accord	0	0	0	1	0	0
account	0	0	0	1	0	0
accountability	0	0	0	1	0	0
accountable	0	0	0	1	0	0
accountant	0	0	0	1	0	0
accounts	0	0	0	1	0	0
accredited	0	0	0	1	0	0
accurate	0	0	0	1	0	0
accursed	1	0	1	0	1	0
accusation	1	0	0	0	0	0
accused	1	0	1	0	0	0
accuser	1	0	1	0	0	0
accusing	1	0	1	0	0	0
ache	0	0	0	0	1	0
achieve	0	1	0	1	0	0
achievement	0	1	0	1	0	1
aching	0	0	0	0	1	0
acquiring	0	0	0	0	0	1
acrobat	0	1	1	1	0	0
actionable	1	0	0	0	0	0
adder	1	0	1	0	1	0
addresses	0	0	0	0	0	1
adhering	0	0	0	1	0	0
adjudicate	0	0	1	0	0	0
administrative	0	0	0	1	0	0
admirable	0	1	0	1	0	0
admiral	0	0	0	1	0	0
admiration	0	1	0	1	0	0
admire	0	0	0	1	0	0
admissible	0	0	0	1	0	0
admonition	0	0	1	0	0	0
adorable	0	1	0	0	0	0
adoration	0	1	0	1	0	0
adore	0	1	0	1	0	1
adrift	0	0	1	0	1	1
adultery	0	0	0	0	1	0
advance	0	1	1	0	0	1
advent	0	1	0	1	0	1
adventure	0	0	0	0	0	1
adversary	1	0	0	0	0	0
adverse	1	0	1	0	1	0
adversity	1	0	1	0	1	0
advice	0	0	0	1	0	0
advisable	0	0	0	1	0	0
advise	0	0	0	1	0	0
advised	0	0	0	1	0	0
adviser	0	0	0	1	0	0
advocacy	1	1	0	1	0	1
advocate	0	0	0	1	0	0
aesthetics	0	1	0	0	0	0
affection	0	1	0	1	0	0
affirm	0	0	0	1	0	0
affirmatively	0	0	0	1	0	0
afflict	0	0	1	0	1	0
affliction	0	0	1	0	1	0
affluence	0	1	0	0	0	0
affront	1	0	1	0	1	0
afraid	0	0	1	0	0	0
aftermath	1	0	1	0	1	0
aga	0	0	1	1	0	0
aggravated	1	0	0	0	0	0
aggravating	1	0	0	0	1	0
aggravation	1	0	0	0	0	0
aggression	1	0	1	0	0	0
aggressive	1	0	1	0	0	0
aggressor	1	0	1	0	0	0
aghast	0	0	1	0	0	0
agitated	1	0	0	0	0	0
agitation	1	0	0	0	0	0
agonizing	0	0	1	0	0	0
agony	1	0	1	0	1	0
agreeable	0	0	0	1	0	0
agreed	0	0	0	1	0	0
agreeing	0	0	0	1	0	0
agreement	0	0	0	1	0	0
ail	0	0	0	0	1	0
ailing	0	0	1	0	1	0
airport	0	0	0	0	0	1
akin	0	0	0	1	0	0
alarm	0	0	1	0	0	0
alarming	0	0	1	0	0	0
alb	0	0	0	1	0	0
alcoholism	1	0	1	0	1	0
alertness	0	0	1	0	0	1
alerts	0	0	1	0	0	1
alien	0	0	1	0	0	0
alienate	1	0	0	0	0	0
alienated	0	0	0	0	1	0
alienation	1	0	1	0	1	0
alive	0	1	0	1	0	1
allegation	1	0	0	0	0	0
allegiance	0	0	0	1	0	0
alliance	0	0	0	1	0	0
allied	0	0	0	1	0	0
allure	0	1	0	0	0	1
ally	0	0	0	1	0	0
aloha	0	1	0	0	0	1
altercation	1	0	0	0	0	0
amazingly	0	1	0	0	0	0
ambassador	0	0	0	1	0	0
ambition	0	1	0	1	0	1
ambulance	0	0	1	1	0	0
ambush	1	0	1	0	0	0
amen	0	1	0	1	0	0
amicable	0	1	0	0	0	0
amnesty	0	1	0	0	0	0
amortization	0	0	0	1	0	0
amour	0	1	0	1	0	1
amuse	0	1	0	0	0	0
amused	0	1	0	0	0	0
amusement	0	1	0	0	0	0
amusing	0	1	0	0	0	0
anaconda	0	0	1	0	0	0
analyst	0	0	0	1	0	1
anarchism	1	0	1	0	0	0
anarchist	1	0	1	0	0	0
anarchy	1	0	1	0	0	0
anathema	1	0	1	0	1	0
ancestral	0	0	0	1	0	0
anchorage	0	0	0	0	1	0
angel	0	1	0	1	0	1
angelic	0	1	0	1	0	0
anger	1	0	0	0	0	0
angina	0	0	1	0	0	0
angling	0	0	0	0	0	1
angry	1	0	0	0	0	0
anguish	1	0	1	0	1	0
animated	0	1	0	0	0	0
animosity	1	0	1	0	1	0
animus	1	0	0	0	0	0
annihilate	1	0	1	0	0	0
annihilated	1	0	1	0	1	0
annihilation	1	0	1	0	1	0
announcement	0	0	0	0	0	1
annoy	1	0	0	0	0	0
annoyance	1	0	0	0	0	0
annoying	1	0	0	0	0	0
annulment	0	0	0	0	1	0
anomaly	0	0	1	0	0	0
answerable	0	0	0	1	0	0
antagonism	1	0	0	0	0	0
antagonist	1	0	0	0	0	0
antagonistic	1	0	0	0	0	0
anthrax	0	0	1	0	1	0
antichrist	1	0	1	0	0	0
anticipation	0	0	0	0	0	1
anticipatory	0	0	0	0	0	1
antidote	0	0	0	1	0	1
antifungal	0	0	0	1	0	0
antipathy	1	0	0	0	0	0
antiseptic	0	0	0	1	0	0
antisocial	1	0	1	0	1	0
antithesis	1	0	0	0	0	0
anxiety	1	0	1	0	1	1
anxious	0	0	1	0	0	1
apache	0	0	1	0	0	0
apathetic	0	0	0	0	1	0
apathy	0	0	0	0	1	0
apologetic	0	0	0	1	0	0
apologize	0	0	0	1	1	0
apostle	0	0	0	1	0	0
apostolic	0	0	0	1	0	0
appalling	0	0	1	0	0	0
apparition	0	0	1	0	0	0
appeal	0	0	0	0	0	1
appendicitis	0	0	1	0	1	0
applause	0	1	0	1	0	0
applicant	0	0	0	0	0	1
appreciation	0	1	0	1	0	0
apprehend	0	0	1	0	0	0
apprehension	0	0	1	0	0	0
apprehensive	0	0	1	0	0	1
apprentice	0	0	0	1	0	0
approaching	0	0	0	0	0	1
approbation	0	0	0	1	0	0
approve	0	1	0	1	0	0
arbiter	0	0	0	1	0	0
arbitration	0	0	0	0	0	1
arbitrator	0	0	0	1	0	0
archaeology	0	0	0	0	0	1
architecture	0	0	0	1	0	0
ardent	0	1	0	0	0	1
argue	1	0	0	0	0	0
argument	1	0	0	0	0	0
argumentation	1	0	0	0	0	0
arguments	1	0	0	0	0	0
arid	0	0	0	0	1	0
armament	1	0	1	0	0	0
armaments	0	0	1	0	0	0
armed	1	0	1	0	0	0
armor	0	0	1	1	0	0
armored	0	0	1	0	0	0
armory	0	0	0	1	0	0
arouse	0	0	0	0	0	1
arraignment	1	0	1	0	1	0
arrival	0	0	0	0	0	1
arrive	0	0	0	0	0	1
arrogant	1	0	0	0	0	0
arsenic	0	0	1	0	1	0
arson	1	0	1	0	0	0
art	0	1	0	0	1	1
artillery	0	0	1	0	0	0
ashamed	0	0	0	0	1	0
ashes	0	0	0	0	1	0
asp	0	0	1	0	0	0
aspiration	0	1	0	1	0	1
aspire	0	1	0	0	0	1
aspiring	0	1	0	1	0	1
assail	1	0	1	0	0	0
assailant	1	0	1	0	1	0
assassin	1	0	1	0	1	0
assassinate	1	0	1	0	0	0
assassination	1	0	1	0	1	0
assault	1	0	1	0	0	0
assembly	0	0	0	1	0	0
asserting	0	0	0	1	0	0
assessment	0	0	0	1	0	0
assessor	0	0	0	1	0	0
asshole	1	0	0	0	0	0
assignee	0	0	0	1	0	0
assist	0	0	0	1	0	0
associate	0	0	0	1	0	0
association	0	0	0	1	0	0
assurance	0	0	0	1	0	0
assure	0	0	0	1	0	0
assured	0	0	0	1	0	0
assuredly	0	0	0	1	0	0
astonishment	0	1	0	0	0	0
astray	0	0	1	0	0	0
astrologer	0	0	0	0	0	1
astronomer	0	0	0	0	0	1
asylum	0	0	1	0	0	0
atherosclerosis	0	0	1	0	1	0
atone	0	1	0	1	0	1
atrocious	1	0	0	0	0	0
atrocity	1	0	1	0	1	0
atrophy	0	0	1	0	1	0
attack	1	0	1	0	0	0
attacking	1	0	1	0	1	0
attainable	0	0	0	0	0	1
attempt	0	0	0	0	0	1
attendance	0	0	0	0	0	1
attendant	0	0	0	1	0	0
attentive	0	0	0	1	0	0
attenuation	0	0	0	0	1	0
attest	0	0	0	1	0	0
attestation	0	0	0	1	0	0
attorney	1	0	1	1	0	0
auction	0	0	0	0	0	1
audience	0	0	0	0	0	1
auditor	0	0	1	1	0	0
aunt	0	0	0	1	0	0
auspicious	0	1	0	0	0	1
austere	0	0	1	0	1	0
authentic	0	1	0	1	0	0
authenticate	0	0	0	1	0	0
authentication	0	0	0	1	0	0
authenticity	0	0	0	1	0	0
author	0	0	0	1	0	0
authoritative	0	0	0	1	0	0
authority	0	0	0	1	0	0
authorization	0	0	0	1	0	0
authorize	0	0	0	1	0	0
automatic	0	0	0	1	0	0
autopsy	0	0	1	0	1	0
avalanche	0	0	1	0	1	0
avarice	1	0	0	0	0	0
avenger	1	0	0	0	0	0
averse	1	0	1	0	0	0
aversion	1	0	1	0	0	0
avoid	0	0	1	0	0	0
avoidance	0	0	1	0	0	0
avoiding	0	0	1	0	0	0
await	0	0	0	0	0	1
award	0	1	0	1	0	1
awful	1	0	1	0	1	0
axiom	0	0	0	1	0	0
axiomatic	0	0	0	1	0	0
baby	0	1	0	0	0	0
babysitter	0	0	0	1	0	0
backbone	1	0	0	1	0	0
backer	0	0	0	1	0	0
backwater	0	0	0	0	1	0
bacteria	0	0	1	0	1	0
bacterium	0	0	1	0	0	0
bad	1	0	1	0	1	0
badge	0	0	0	1	0	0
badger	1	0	0	0	0	0
badly	0	0	0	0	1	0
badness	1	0	1	0	0	0
bailiff	0	0	1	1	0	0
bait	0	0	1	1	0	0
bale	0	0	1	0	0	0
ballot	0	0	0	1	0	1
balm	0	1	0	0	0	1
bane	1	0	1	0	0	0
bang	1	0	1	0	1	0
banger	1	0	1	0	0	1
banish	1	0	1	0	1	0
banished	1	0	1	0	1	0
banishment	1	0	0	0	1	0
bank	0	0	0	1	0	0
banker	0	0	0	1	0	0
bankrupt	0	0	1	0	1	0
bankruptcy	1	0	1	0	1	0
banquet	0	1	0	0	0	1
banshee	1	0	1	0	1	0
baptismal	0	1	0	0	0	0
barb	1	0	0	0	0	0
barbarian	0	0	1	0	0	0
barbaric	1	0	1	0	0	0
bargain	0	0	0	1	0	0
bark	1	0	0	0	0	0
barren	0	0	0	0	1	0
barricade	0	0	1	0	0	0
barrier	1	0	0	0	0	0
bartender	0	0	0	1	0	0
barter	0	0	0	1	0	0
base	0	0	0	1	0	0
basketball	0	1	0	0	0	1
bastard	0	0	0	0	1	0
bastion	1	0	0	0	0	0
battalion	1	0	0	0	0	0
batter	1	0	1	0	0	0
battered	0	0	1	0	1	0
battery	1	0	0	0	0	0
battle	1	0	0	0	0	0
battled	1	0	1	0	1	0
battlefield	0	0	1	0	0	0
bayonet	1	0	1	0	0	0
beach	0	1	0	0	0	0
beam	0	1	0	0	0	0
beaming	0	1	0	0	0	1
bear	1	0	1	0	0	0
bearish	1	0	1	0	0	0
beast	1	0	1	0	0	0
beastly	0	0	1	0	0	0
beating	1	0	1	0	1	0
beautification	0	1	0	1	0	0
beautiful	0	1	0	0	0	0
beautify	0	1	0	0	0	0
beauty	0	1	0	0	0	0
bedrock	0	0	0	1	0	0
bee	1	0	1	0	0	0
beer	0	1	0	0	0	0
befriend	0	1	0	1	0	0
beg	0	0	0	0	1	0
beggar	0	0	0	0	1	0
begun	0	0	0	0	0	1
behemoth	0	0	1	0	0	0
believed	0	0	0	1	0	0
believer	0	0	0	1	0	0
believing	0	0	0	1	0	0
belittle	1	0	1	0	1	0
belligerent	1	0	1	0	0	0
bellows	1	0	0	0	0	0
belt	1	0	1	0	0	0
benefactor	0	0	0	1	0	0
benevolence	0	1	0	1	0	0
benign	0	1	0	0	0	0
bequest	0	0	0	1	0	0
bereaved	0	0	0	0	1	0
bereavement	0	0	0	0	1	0
berserk	1	0	0	0	0	0
bestial	0	0	1	0	0	0
betray	1	0	0	0	1	0
betrayal	1	0	0	0	1	0
betrothed	0	1	0	1	0	1
beware	0	0	1	0	0	1
bewildered	0	0	1	0	0	0
bewilderment	0	0	1	0	0	0
bias	1	0	0	0	0	0
bickering	1	0	0	0	0	0
biennial	0	0	0	0	0	1
bier	0	0	1	0	1	0
bigot	1	0	1	0	0	0
bigoted	1	0	1	0	1	0
bile	1	0	0	0	0	0
biopsy	0	0	1	0	0	0
birch	1	0	1	0	0	0
birth	0	1	1	1	0	1
birthday	0	1	0	0	0	1
birthplace	1	0	0	0	0	0
bitch	1	0	1	0	1	0
bitterly	1	0	0	0	1	0
bitterness	1	0	0	0	1	0
blackmail	1	0	1	0	0	0
blackness	0	0	1	0	1	0
blame	1	0	0	0	0	0
blanket	0	0	0	1	0	0
blasphemous	1	0	0	0	0	0
blasphemy	1	0	0	0	0	0
blast	1	0	1	0	0	0
blatant	1	0	0	0	0	0
blaze	1	0	0	0	0	0
bleak	0	0	0	0	1	0
bleeding	0	0	1	0	1	0
blemish	1	0	1	0	1	0
bless	0	1	0	1	0	1
blessed	0	1	0	0	0	0
blessing	0	1	0	1	0	1
blessings	0	1	0	1	0	1
blight	0	0	1	0	1	0
blighted	0	0	0	0	1	0
blindfold	0	0	1	0	0	1
blindly	0	0	0	0	1	0
blindness	0	0	0	0	1	0
bliss	0	1	0	0	0	0
blissful	0	1	0	0	0	0
blob	0	0	1	0	0	0
blockade	1	0	1	0	1	0
bloodshed	1	0	1	0	1	0
bloodthirsty	1	0	1	0	0	0
bloody	1	0	1	0	1	0
bloom	0	1	0	1	0	1
blossom	0	1	0	0	0	0
blue	0	0	0	0	1	0
blues	0	0	1	0	1	0
blunder	0	0	0	0	1	0
board	0	0	0	0	0	1
bodyguard	0	0	0	1	0	0
bogus	1	0	0	0	0	0
boisterous	1	1	0	0	0	1
bomb	1	0	1	0	1	0
bombard	1	0	1	0	0	0
bombardment	1	0	1	0	0	0
bomber	0	0	1	0	1	0
bonanza	0	1	0	0	0	0
bondage	0	0	1	0	1	0
bonus	0	1	0	0	0	1
boomerang	0	0	0	1	0	1
boredom	0	0	0	0	1	0
bothering	1	0	0	0	1	0
bottom	0	0	0	0	1	0
bottomless	0	0	1	0	0	0
bountiful	0	1	0	0	0	1
bounty	0	1	0	1	0	1
bouquet	0	1	0	1	0	0
bout	1	0	0	0	0	0
boxing	1	0	0	0	0	0
brawl	1	0	1	0	0	0
brazen	1	0	0	0	0	0
breakup	0	0	0	0	1	0
bridal	0	1	0	1	0	1
bride	0	1	0	1	0	1
bridegroom	0	1	0	1	0	1
bridesmaid	0	1	0	1	0	0
brigade	0	0	1	0	0	0
brighten	0	1	0	1	0	0
brilliant	0	1	0	1	0	1
brimstone	1	0	1	0	0	0
broadside	0	0	0	0	0	1
broil	1	0	0	0	0	0
broke	0	0	1	0	1	0
broken	1	0	1	0	1	0
brother	0	0	0	1	0	0
brotherhood	0	0	0	1	0	0
brotherly	0	1	0	1	0	1
bruise	0	0	0	0	0	1
brunt	1	0	0	0	0	0
brutal	1	0	1	0	0	0
brutality	1	0	1	0	0	0
brute	1	0	1	0	1	0
buck	0	0	1	0	0	0
buddy	0	1	0	1	0	1
budget	0	0	0	1	0	0
buffet	1	0	0	0	0	0
bug	0	0	1	0	0	0
bugaboo	1	0	1	0	1	0
bugle	0	0	0	0	0	1
bully	1	0	1	0	0	0
bum	0	0	0	0	1	0
bummer	1	0	0	0	0	0
bunker	0	0	1	0	0	0
burdensome	0	0	1	0	1	0
bureaucracy	0	0	0	1	0	0
burglar	0	0	1	0	0	0
burial	1	0	1	0	1	0
buried	0	0	1	0	1	0
burke	1	0	1	0	1	0
bursary	0	0	0	1	0	0
bury	0	0	0	0	1	0
buss	0	1	0	0	0	0
busted	1	0	1	0	0	0
butcher	1	0	1	0	0	0
butler	0	0	0	1	0	0
buzz	0	0	1	0	0	1
bye	0	0	0	0	0	1
bylaw	0	0	0	1	0	0
cabal	0	0	1	0	0	0
cabinet	0	0	0	1	0	0
cacophony	1	0	0	0	0	0
cad	1	0	0	0	0	0
cadaver	0	0	1	0	1	0
cage	0	0	0	0	1	0
calamity	0	0	0	0	1	0
calculation	0	0	0	0	0	1
calculator	0	0	0	1	0	0
calf	0	1	0	1	0	0
callous	1	0	0	0	0	0
calls	0	0	0	1	0	1
campaigning	1	0	1	0	0	0
cancel	0	0	0	0	1	0
cancer	1	0	1	0	1	0
candid	0	1	0	1	0	1
cane	1	0	1	0	0	0
canker	1	0	0	0	0	0
cannibal	0	0	1	0	0	0
cannon	1	0	1	0	0	0
canons	0	0	0	1	0	0
cap	0	0	0	1	0	1
captivate	0	1	0	1	0	1
captive	0	0	1	0	1	0
captivity	0	0	0	0	1	0
captor	0	0	1	0	0	0
carcass	0	0	1	0	1	0
carcinoma	0	0	1	0	1	0
cardiomyopathy	0	0	1	0	1	0
career	0	0	0	0	0	1
carelessness	1	0	0	0	0	0
caretaker	0	0	0	1	0	0
carnage	1	0	1	0	1	0
carnivorous	0	0	1	0	0	0
carol	0	1	0	1	0	0
cartridge	0	0	1	0	0	0
case	0	0	1	0	1	0
cash	1	1	1	1	0	1
cashier	0	0	0	1	0	0
casket	0	0	1	0	1	0
casualty	1	0	1	0	1	0
cataract	0	0	1	0	1	1
catastrophe	1	0	1	0	1	0
cathedral	0	1	0	1	0	0
caution	1	0	1	0	0	1
cautionary	0	0	1	0	0	0
cautious	0	0	1	1	0	1
cautiously	0	0	1	0	0	0
celebrated	0	1	0	0	0	1
celebrating	0	1	0	0	0	1
celebration	0	1	0	1	0	1
celebrity	1	1	0	1	0	1
celestial	0	1	0	0	0	1
cement	0	0	0	1	0	1
cemetery	0	0	1	0	1	0
censor	1	0	1	1	0	0
center	0	0	0	1	0	0
ceremony	0	1	0	0	0	0
certify	0	0	0	1	0	0
chaff	1	0	1	0	0	0
chagrin	0	0	0	0	1	0
chairman	0	0	0	1	0	0
chairwoman	0	0	0	1	0	0
challenge	1	0	1	0	0	0
champion	0	1	0	1	0	1
chancellor	0	0	0	1	0	0
change	0	0	1	0	0	0
changeable	0	0	0	0	0	1
chant	1	1	0	0	0	1
chaos	1	0	1	0	1	0
chaotic	1	0	0	0	0	0
chaplain	0	0	0	1	0	0
chargeable	0	0	1	0	1	0
charitable	0	1	0	1	0	1
charity	0	1	0	0	0	0
charmed	0	1	0	0	0	0
chart	0	0	0	1	0	0
chasm	0	0	1	0	0	0
chastity	0	0	0	1	0	1
cheat	1	0	0	0	0	0
checklist	0	0	0	1	0	0
cheer	0	1	0	1	0	1
cheerful	0	1	0	0	0	0
cheerfulness	0	1	0	1	0	1
cheering	0	1	0	0	0	0
cheery	0	1	0	0	0	1
chemist	0	0	0	1	0	0
cherish	0	1	0	1	0	1
chicane	0	0	0	1	0	1
chicken	0	0	1	0	0	0
child	0	1	0	0	0	1
childhood	0	1	0	0	0	0
chimera	0	0	1	0	0	0
chirp	0	1	0	0	0	0
chocolate	0	1	0	1	0	1
choir	0	1	0	1	0	0
choke	1	0	0	0	1	0
cholera	0	0	1	0	1	0
choral	0	1	0	0	0	0
chronic	0	0	0	0	1	0
chronicle	0	0	0	1	0	0
chuckle	0	1	0	1	0	1
church	0	1	0	1	0	1
civilization	0	0	0	1	0	0
civilized	0	1	0	1	0	0
claimant	1	0	0	0	0	0
clamor	1	0	0	0	0	1
clan	0	0	0	1	0	0
clap	0	1	0	1	0	1
clash	1	0	0	0	0	0
clashing	1	0	1	0	0	0
classics	0	1	0	0	0	0
claw	1	0	1	0	0	0
clean	0	1	0	1	0	0
clearance	0	0	0	1	0	0
cleave	0	0	1	0	0	0
clerical	0	0	0	1	0	0
cliff	0	0	1	0	0	0
climax	0	1	0	1	0	1
clock	0	0	0	0	0	1
closeness	0	1	0	1	0	0
closure	0	1	0	0	1	1
clouded	0	0	0	0	1	0
cloudiness	0	0	1	0	0	0
cloudy	0	0	0	0	1	0
clown	0	1	0	0	0	1
clue	0	0	0	0	0	1
coach	0	0	0	1	0	0
coalesce	0	0	0	1	0	0
coax	0	0	0	1	0	0
cobra	0	0	1	0	0	0
cocaine	0	0	0	0	1	0
coerce	1	0	1	0	0	0
coercion	1	0	1	0	1	0
coexist	0	0	0	1	0	0
coexisting	0	0	0	1	0	0
coffin	0	0	1	0	1	0
cogent	0	0	0	1	0	0
cohesion	0	0	0	1	0	0
cohesive	0	0	0	1	0	0
coldness	1	0	1	0	1	0
collaborator	0	0	0	1	0	0
collapse	0	0	1	0	1	0
collateral	0	0	0	1	0	0
collectively	0	0	0	1	0	0
collision	1	0	0	0	0	0
collusion	1	0	1	0	1	0
colonel	0	0	0	1	0	0
coma	0	0	1	0	1	0
comatose	0	0	1	0	1	0
combat	1	0	1	0	0	0
combatant	1	0	1	0	0	0
combative	1	0	1	0	0	0
comfort	0	1	0	1	0	1
coming	0	0	0	0	0	1
commandant	0	0	0	1	0	0
commanding	0	0	0	1	0	0
commemorate	0	1	0	0	1	1
commemoration	0	1	0	0	0	1
commemorative	0	0	0	0	0	1
commendable	0	1	0	1	0	0
commerce	0	0	0	1	0	0
commission	0	0	0	1	0	0
committal	0	0	0	0	1	0
committed	0	0	0	1	0	0
committee	0	0	0	1	0	0
commodore	0	0	0	1	0	0
commonplace	0	0	0	1	0	1
commonwealth	0	0	0	1	0	0
commotion	1	0	0	0	0	0
communicate	0	0	0	1	0	0
communication	0	0	0	1	0	0
communion	0	1	0	1	0	0
communism	1	0	1	0	1	0
compact	0	0	0	1	0	0
companion	0	1	0	1	0	0
compass	0	0	0	1	0	0
compassion	0	0	1	0	0	0
compensate	0	1	0	1	0	1
competence	0	0	0	1	0	0
competency	0	0	0	1	0	0
competent	0	0	0	1	0	0
competition	0	0	0	0	0	1
complain	1	0	0	0	1	0
complaint	1	0	0	0	0	0
complement	0	1	0	1	0	1
completing	0	1	0	0	0	1
completion	0	1	0	0	0	1
compliance	0	0	0	1	0	0
complicate	1	0	0	0	0	0
compliment	0	1	0	1	0	1
compress	1	0	0	0	0	0
comptroller	0	0	0	1	0	0
compulsion	1	0	0	0	0	0
comrade	0	0	0	1	0	0
conceal	0	0	0	0	1	0
concealed	0	0	1	0	0	1
concealment	1	0	1	0	0	1
concerned	0	0	1	0	1	0
conciliation	0	1	0	1	0	0
concord	0	0	0	1	0	0
concordance	0	0	0	1	0	0
concussion	1	0	0	0	1	0
condemn	1	0	0	0	0	0
condemnation	1	0	1	0	1	1
condescension	1	0	0	0	1	0
condolence	0	0	0	0	1	0
confederate	0	0	0	1	0	0
confess	0	0	0	1	0	0
confession	0	0	1	0	1	1
confessional	0	0	1	1	0	0
confide	0	0	0	1	0	0
confidence	0	1	1	1	0	0
confident	0	1	0	1	0	0
confidential	0	0	0	1	0	0
confidentially	0	0	0	1	0	0
confine	1	0	1	0	1	0
confined	1	0	1	0	1	0
confinement	1	0	1	0	1	0
confirmation	0	0	0	1	0	0
confirmed	0	0	0	1	0	0
confiscate	1	0	0	0	1	0
conflagration	1	0	1	0	0	0
conflict	1	0	1	0	1	0
conformity	0	0	0	1	0	0
confront	1	0	0	0	0	0
confusion	1	0	1	0	0	0
conglomerate	0	0	0	1	0	0
congratulatory	0	1	0	0	0	0
congregation	0	0	0	1	0	0
congress	0	0	0	1	0	0
congressman	0	0	0	1	0	0
congruence	0	0	0	1	0	0
conjecture	0	0	0	0	0	1
conjure	0	0	0	0	0	1
connective	0	0	0	1	0	0
connoisseur	0	1	0	1	0	0
conquest	1	0	1	0	0	0
conscience	0	0	0	1	0	0
conscientious	0	0	0	1	0	0
consecration	0	1	0	1	1	1
consequent	0	0	0	0	0	1
conservation	0	0	0	1	0	1
considerate	0	0	0	1	0	0
consistency	0	0	0	1	0	0
console	0	0	0	0	1	0
consort	0	0	0	1	0	0
conspiracy	0	0	1	0	0	0
conspirator	1	0	1	0	0	1
conspire	0	0	1	0	0	0
constable	0	0	0	1	0	0
constancy	0	0	0	1	0	0
constant	0	0	0	1	0	0
constantly	0	0	0	1	0	0
consternation	1	0	1	0	0	0
constitute	0	0	0	1	0	0
constitutional	0	0	0	1	0	0
constrain	0	0	1	0	0	0
constraint	1	0	1	0	1	0
consul	0	0	0	1	0	0
consult	0	0	0	1	0	0
contagion	0	0	1	0	0	1
contagious	0	0	1	0	0	0
contaminated	0	0	1	0	1	0
contempt	1	0	1	0	0	0
contemptible	1	0	0	0	0	0
contemptuous	1	0	0	0	0	0
content	0	1	0	1	0	0
contentious	1	0	1	0	0	0
contingent	0	0	0	0	0	1
continuation	0	0	0	0	0	1
continue	0	0	0	1	0	1
contraband	1	0	1	0	0	0
contradict	1	0	0	0	0	0
contributor	0	0	0	1	0	0
controversial	1	0	0	0	0	0
convent	0	0	0	1	0	0
convergence	0	0	0	0	0	1
conveyancing	0	0	0	1	0	0
convict	1	0	1	0	1	0
convince	0	0	0	1	0	1
convinced	0	0	0	1	0	0
convincing	0	0	0	1	0	0
coop	1	0	0	0	0	0
cooperating	0	0	0	1	0	0
cooperation	0	0	0	1	0	0
cooperative	0	0	0	1	0	0
cop	0	0	1	1	0	0
copycat	1	0	0	0	0	0
coronation	0	1	0	1	0	0
corporation	0	0	0	1	0	0
corpse	0	0	0	0	1	0
correctness	0	0	0	1	0	0
correspondence	0	0	0	0	0	1
corroborate	0	0	0	1	0	0
corroboration	0	0	0	1	0	0
corrosive	0	0	1	0	0	0
corrupting	1	0	1	0	1	0
corse	0	0	0	0	1	0
cosmopolitan	0	0	0	1	0	0
couch	0	0	0	0	1	0
council	0	0	0	1	0	1
counsel	0	0	0	1	0	0
counsellor	1	0	1	1	0	0
counselor	0	0	0	1	0	0
count	0	0	0	1	0	0
countdown	0	0	0	0	0	1
countryman	0	0	0	1	0	0
county	0	0	0	1	0	0
coup	1	0	0	0	0	0
courageous	0	0	1	0	0	0
courier	0	0	0	1	0	0
court	1	0	1	0	0	1
courtship	0	1	0	1	0	1
cove	0	1	1	0	0	1
covenant	0	0	0	1	0	0
cover	0	0	0	1	0	0
coward	0	0	1	0	1	0
cowardice	0	0	1	0	0	0
cowardly	0	0	1	0	0	0
coy	0	0	1	0	0	0
coyote	0	0	1	0	0	0
crabby	1	0	0	0	0	0
cracked	1	0	1	0	0	0
cradle	0	1	0	1	0	1
cramp	0	0	0	0	0	1
cranky	1	0	0	0	0	0
craps	0	0	0	0	0	1
crash	0	0	1	0	1	0
crave	0	0	0	0	0	1
craving	0	0	0	0	0	1
crazed	1	0	1	0	0	0
crazy	1	0	1	0	1	0
cream	0	1	0	0	0	1
create	0	1	0	0	0	0
creature	0	0	1	0	0	0
credence	0	0	0	1	0	0
credential	0	0	0	1	0	0
credibility	0	0	0	1	0	0
credible	0	0	0	1	0	0
credit	0	0	0	1	0	0
creditable	0	0	0	1	0	0
creeping	0	0	0	0	0	1
cremation	0	0	0	0	1	0
crescendo	0	1	0	1	0	1
crew	0	0	0	1	0	0
crime	1	0	0	0	0	0
criminal	1	0	1	0	0	0
criminality	1	0	1	0	0	0
cringe	0	0	1	0	1	0
cripple	0	0	1	0	1	0
crippled	0	0	0	0	1	0
crisp	0	0	0	1	0	0
criticism	1	0	0	0	1	0
criticize	1	0	1	0	1	0
crocodile	0	0	1	0	0	0
cross	1	0	1	0	1	0
crouch	0	0	1	0	0	0
crouching	0	0	1	0	0	0
crowning	0	1	0	1	0	1
crucial	0	0	0	1	0	0
crucifixion	1	0	1	0	1	0
cruel	1	0	1	0	1	0
cruelly	1	0	1	0	0	0
cruelty	1	0	1	0	1	0
crumbling	0	0	0	0	1	0
crunch	1	0	0	0	0	0
crusade	1	0	1	0	0	0
crushed	1	0	1	0	1	0
crushing	1	0	1	0	0	0
cry	0	0	0	0	1	0
crying	0	0	0	0	1	0
crypt	0	0	1	0	1	0
cube	0	0	0	1	0	0
cuddle	0	1	0	1	0	0
cue	0	0	0	0	0	1
culinary	0	0	0	1	0	0
cult	0	0	1	0	0	0
cultivate	0	0	0	1	0	1
cumbersome	0	0	0	0	1	0
cupping	0	0	1	0	1	0
cur	1	0	1	0	0	0
curable	0	0	0	1	0	0
curiosity	0	0	0	0	0	1
curse	1	0	1	0	1	0
cursed	1	0	1	0	1	0
cursing	1	0	0	0	0	0
cussed	1	0	0	0	0	0
custodian	0	0	0	1	0	0
custody	0	0	0	1	0	0
cutter	0	0	1	0	0	0
cutthroat	1	0	1	0	0	0
cutting	1	0	1	0	1	0
cyanide	0	0	1	0	0	0
cyclone	0	0	1	0	0	0
cyst	0	0	1	0	1	0
cytomegalovirus	0	0	0	0	1	0
dabbling	1	0	0	0	0	0
daemon	1	0	1	0	1	0
dagger	0	0	1	0	0	0
daily	0	0	0	0	0	1
damage	1	0	0	0	1	0
damages	0	0	0	0	1	0
dame	1	0	0	1	0	0
damn	1	0	0	0	0	0
damnation	1	0	1	0	1	0
dance	0	1	0	1	0	0
danger	0	0	1	0	1	0
dangerous	0	0	1	0	0	0
dare	0	0	0	1	0	1
dark	0	0	0	0	1	0
darken	0	0	1	0	1	0
darkened	0	0	1	0	1	0
darkness	1	0	1	0	1	0
darling	0	1	0	1	0	0
dart	0	0	1	0	0	0
dashed	1	0	1	0	1	0
dastardly	1	0	1	0	0	0
daughter	0	1	0	0	0	0
dawn	0	1	0	1	0	1
deacon	0	0	0	1	0	0
deadly	1	0	1	0	1	0
deal	0	1	0	1	0	1
dealings	0	0	0	1	0	0
death	1	0	1	0	1	1
debacle	0	0	1	0	1	0
debauchery	0	0	1	0	0	0
debenture	0	0	0	0	0	1
debt	0	0	0	0	1	0
decay	0	0	1	0	1	0
decayed	0	0	0	0	1	0
deceased	0	0	0	0	1	0
deceit	1	0	1	0	1	0
deceitful	0	0	0	0	1	0
deceive	1	0	0	0	1	0
deceived	1	0	0	0	0	0
deceiving	0	0	0	1	0	0
decomposed	0	0	0	0	1	0
decomposition	0	0	1	0	1	0
decry	1	0	0	0	0	0
deed	0	0	0	1	0	0
defamation	0	0	1	0	0	0
defamatory	1	0	0	0	0	0
default	0	0	1	0	1	0
defeated	0	0	0	0	1	0
defect	1	0	0	0	0	0
defection	0	0	1	0	0	0
defend	0	0	1	0	0	0
defendant	1	0	1	0	1	0
defended	0	0	0	1	0	0
defender	0	0	0	1	0	0
defense	1	0	1	0	0	1
defenseless	0	0	1	0	1	0
deference	0	0	0	1	0	0
defiance	1	0	1	0	0	0
defiant	1	0	0	0	0	0
definitive	0	0	0	1	0	0
deflate	1	0	0	0	1	0
deflation	0	0	1	0	0	0
deformed	0	0	0	0	1	0
deformity	0	0	1	0	1	0
defraud	1	0	0	0	0	0
defunct	0	0	0	0	1	0
defy	1	0	1	0	1	0
degeneracy	1	0	0	0	1	0
degrading	0	0	1	0	1	0
delay	1	0	1	0	1	0
delegate	0	0	0	1	0	0
deleterious	1	0	1	0	0	0
delicious	0	1	0	0	0	0
delight	0	1	0	0	0	1
delighted	0	1	0	0	0	1
delightful	0	1	0	1	0	1
delinquent	1	0	0	0	0	0
delirious	0	0	0	0	1	0
delirium	0	0	0	0	1	0
deliverance	0	1	0	1	0	1
delivery	0	0	0	0	0	1
deluge	0	0	1	0	1	0
delusion	1	0	1	0	1	0
delusional	1	0	1	0	0	0
demand	1	0	0	0	0	0
demented	0	0	1	0	0	0
dementia	0	0	1	0	1	0
demise	0	0	1	0	1	0
demolish	1	0	0	0	1	0
demon	1	0	1	0	1	0
demonic	1	0	1	0	1	0
demonstrative	0	1	0	0	1	0
demoralized	0	0	1	0	1	0
denied	0	0	0	0	1	0
denounce	1	0	0	0	0	0
dentistry	0	0	1	0	0	0
denunciation	1	0	1	0	0	0
deny	1	0	0	0	0	0
denying	0	0	0	0	0	1
depart	0	0	0	0	1	1
departed	0	0	0	0	1	0
departure	0	0	0	0	1	0
depend	0	0	0	1	0	1
dependence	0	0	1	0	1	0
dependent	0	0	0	1	0	0
deplorable	1	0	1	0	1	0
deplore	1	0	0	0	1	0
deport	0	0	1	0	1	0
deportation	1	0	1	0	1	0
depository	0	0	0	1	0	0
depraved	1	0	1	0	1	1
depravity	1	0	0	0	0	0
depreciate	1	0	0	0	0	0
depreciated	1	0	1	0	1	0
depreciation	0	0	1	0	0	0
depress	0	0	1	0	1	0
depressed	1	0	1	0	1	0
depressing	0	0	0	0	1	0
depression	0	0	0	0	1	0
depressive	0	0	0	0	1	0
deprivation	1	0	1	0	1	0
depth	0	0	0	1	0	0
deputy	0	0	0	1	0	0
deranged	1	0	1	0	0	0
derision	1	0	0	0	0	0
dermatologist	0	0	0	1	0	0
derogation	1	0	1	0	1	0
derogatory	1	0	1	0	1	0
descent	0	0	1	0	1	0
desecration	1	0	1	0	1	0
desert	1	0	1	0	1	0
deserted	1	0	1	0	1	0
deserve	1	0	0	1	0	1
designation	0	0	0	1	0	0
desist	1	0	0	0	0	0
desolation	0	0	1	0	1	0
despair	1	0	1	0	1	0
despairing	0	0	1	0	1	0
despicable	1	0	0	0	0	0
despise	1	0	0	0	0	0
despotic	0	0	1	0	0	0
despotism	1	0	1	0	1	0
destination	0	1	1	0	1	1
destined	0	0	0	0	0	1
destitute	0	0	1	0	1	0
destroyed	1	0	1	0	1	0
destroyer	1	0	1	0	0	0
destroying	1	0	1	0	1	0
destruction	1	0	0	0	0	0
destructive	1	0	1	0	0	0
detainee	1	0	1	0	1	1
detention	0	0	0	0	1	0
deteriorate	0	0	1	0	1	0
deteriorated	0	0	0	0	1	0
deterioration	1	0	1	0	1	0
determinate	0	0	0	1	0	1
determination	0	0	0	1	0	0
detest	1	0	0	0	0	0
detonate	0	0	1	0	0	0
detonation	1	0	0	0	0	0
detract	1	0	0	0	0	0
devastate	1	0	1	0	1	0
devastating	1	0	1	1	1	0
devastation	1	0	1	0	1	0
develop	0	0	0	0	0	1
deviation	0	0	0	0	1	0
devil	1	0	1	0	1	1
devilish	0	0	1	0	0	0
devotional	0	0	0	1	0	0
devout	0	1	0	1	0	1
diabolical	1	0	1	0	0	0
diagnosis	0	0	1	1	0	1
diamond	0	1	0	0	0	0
diary	0	1	0	1	0	0
diatribe	1	0	0	0	0	0
dictator	0	0	1	0	0	0
dictatorial	1	0	0	0	0	0
dictatorship	1	0	1	0	1	1
dictionary	0	0	0	1	0	0
dictum	0	0	0	1	0	0
die	0	0	1	0	1	0
dietary	0	0	0	0	0	1
differential	0	0	0	1	0	0
difficult	0	0	1	0	0	0
difficulties	0	0	0	0	1	0
difficulty	1	0	1	0	1	0
digit	0	0	0	1	0	0
dignity	0	0	0	1	0	0
digress	0	0	0	0	0	1
dike	0	0	1	0	0	0
dilapidated	0	0	0	0	1	0
diligence	0	0	0	1	0	0
diminish	0	0	0	0	1	0
dinosaur	0	0	1	0	0	0
diplomacy	0	0	0	1	0	1
diplomatic	0	0	0	1	0	0
dire	0	0	1	0	1	0
director	0	0	0	1	0	0
disability	0	0	0	0	1	0
disable	0	0	1	0	1	0
disabled	0	0	1	0	1	0
disagree	1	0	0	0	0	0
disagreeing	1	0	0	0	1	0
disagreement	1	0	0	0	1	0
disallowed	1	0	1	0	1	0
disappear	0	0	1	0	0	0
disappoint	1	0	0	0	1	0
disappointed	1	0	0	0	1	0
disappointing	0	0	0	0	1	0
disappointment	0	0	0	0	1	0
disapproval	0	0	0	0	1	0
disapprove	1	0	1	0	1	0
disapproved	1	0	0	0	1	0
disapproving	1	0	0	0	1	0
disaster	1	0	1	0	1	0
disastrous	1	0	1	0	1	0
disciple	0	0	0	1	0	0
discipline	0	0	1	0	0	0
disclaim	1	0	0	1	0	0
disclosed	0	0	0	1	0	0
discolored	0	0	0	0	1	0
discomfort	0	0	0	0	1	0
disconnect	0	0	0	0	1	0
disconnected	0	0	0	0	1	0
discontent	1	0	1	0	1	0
discontinuity	0	0	1	0	1	0
discord	1	0	0	0	0	0
discourage	0	0	1	0	1	0
discreet	0	0	0	0	0	1
discretion	0	0	0	1	0	1
discriminate	1	0	0	0	1	0
discrimination	1	0	1	0	1	0
disdain	1	0	0	0	0	0
disease	1	0	1	0	1	0
diseased	0	0	1	0	1	0
disembodied	0	0	1	0	1	0
disfigured	1	0	1	0	1	0
disgrace	1	0	0	0	1	0
disgraced	1	0	0	0	1	0
disgraceful	1	0	0	0	0	0
disgruntled	1	0	0	0	1	0
disgust	1	0	1	0	1	0
disgusting	1	0	1	0	0	0
disheartened	0	0	0	0	1	0
disheartening	0	0	0	0	1	0
dishonest	1	0	0	0	1	0
dishonor	1	0	1	0	1	0
disillusionment	1	0	0	0	1	0
disinformation	1	0	1	0	0	0
disintegrate	0	0	1	0	0	0
dislike	1	0	0	0	0	0
disliked	1	0	0	0	1	0
dislocated	1	0	1	0	1	0
dismal	0	0	1	0	1	0
dismay	1	0	1	0	1	1
dismemberment	0	0	1	0	1	0
dismissal	1	0	1	0	1	0
disobedience	1	0	0	0	0	0
disobedient	1	0	0	0	0	0
disobey	1	0	0	0	0	0
disorder	0	0	1	0	0	0
disparage	1	0	0	0	1	0
disparaging	1	0	0	0	1	0
disparity	1	0	0	0	1	0
dispassionate	0	0	0	0	1	0
dispel	0	0	0	0	1	0
displaced	1	0	1	0	1	0
displeased	1	0	1	0	1	0
disposed	0	0	0	1	0	1
dispossessed	1	0	1	0	1	0
dispute	1	0	0	0	0	0
disqualified	1	0	0	0	1	0
disqualify	0	0	0	0	1	0
disreputable	1	0	1	0	0	0
disrespect	1	0	0	0	0	0
disrespectful	1	0	1	0	1	0
disruption	1	0	1	0	0	0
dissension	1	0	0	0	0	0
disservice	1	0	0	0	1	0
dissident	1	0	1	0	0	0
dissolution	1	0	1	0	1	0
dissonance	1	0	0	0	0	0
distracted	1	0	0	0	0	0
distracting	1	0	0	0	0	1
distraught	0	0	0	0	1	0
distress	1	0	1	0	1	0
distressed	0	0	1	0	0	0
distressing	1	0	1	0	0	0
distrust	1	0	1	0	0	0
disturbance	1	0	1	0	1	0
disturbed	1	0	0	0	1	0
disused	1	0	0	0	0	0
ditty	0	1	0	0	0	0
divan	0	0	0	1	0	0
divination	0	0	0	0	0	1
divorce	1	0	1	1	1	0
doctor	0	0	0	1	0	0
doctrine	0	0	0	1	0	0
dogma	0	0	0	1	0	0
doldrums	0	0	0	0	1	0
dole	0	0	0	0	1	0
doll	0	1	0	0	0	0
dolor	0	0	0	0	1	0
dolphin	0	1	0	1	0	0
dominant	0	0	1	0	0	0
dominate	1	0	1	0	0	0
domination	1	0	1	0	1	0
dominion	0	0	1	1	0	0
don	0	0	0	1	0	0
doom	0	0	1	0	0	0
doomed	0	0	1	0	1	0
doomsday	1	0	1	0	1	1
doubt	0	0	1	1	1	0
doubtless	0	0	0	1	0	0
dove	0	1	0	1	0	1
downfall	0	0	1	0	1	0
downright	0	0	0	1	0	0
drab	0	0	0	0	1	0
draft	0	0	0	0	0	1
dragon	0	0	1	0	0	0
dread	0	0	1	0	0	1
dreadful	1	0	1	0	1	1
dreadfully	0	0	1	0	1	0
dreary	0	0	0	0	1	0
drown	0	0	1	0	1	0
drugged	0	0	0	0	1	0
dubious	0	0	1	1	0	0
duel	1	0	1	0	0	1
dull	0	0	0	0	1	0
dumps	1	0	0	0	1	0
dungeon	0	0	1	0	0	0
dupe	1	0	0	0	0	0
duplicity	1	0	0	0	0	0
durability	0	0	0	1	0	0
durable	0	0	0	1	0	0
duress	1	0	1	0	1	0
dutiful	0	0	0	1	0	1
dwarfed	0	0	1	0	1	0
dying	1	0	1	0	1	0
dysentery	0	0	0	0	1	0
eager	0	1	0	1	0	1
eagerness	0	1	0	1	0	1
eagle	0	0	0	1	0	0
earthquake	1	0	1	0	1	0
economy	0	0	0	1	0	0
ecstasy	0	1	0	0	0	1
ecstatic	0	1	0	0	0	1
edict	0	0	1	0	0	0
edification	0	1	0	1	0	1
edition	0	0	0	0	0	1
educational	0	0	0	1	0	0
eel	0	0	1	0	0	0
effective	0	0	0	1	0	0
efficient	0	0	0	1	0	1
effigy	1	0	0	0	0	0
egregious	1	0	0	0	0	0
ejaculation	0	1	0	1	0	1
elated	0	1	0	0	0	0
elbow	1	0	0	0	0	0
elder	0	0	0	1	0	0
elders	0	0	0	1	0	0
elect	0	0	0	1	0	0
electorate	0	0	0	1	0	0
electric	0	1	0	0	0	0
elegance	0	1	0	1	0	1
elegant	0	1	0	0	0	0
elevation	0	1	1	1	0	1
elf	1	0	1	0	0	0
elimination	1	0	1	0	1	0
elite	0	1	0	1	0	1
elucidate	0	0	0	1	0	0
emaciated	0	0	1	0	1	0
emancipation	0	1	0	0	0	1
embarrass	0	0	0	0	1	0
embarrassment	0	0	1	0	1	0
embolism	0	0	1	0	1	0
embrace	0	1	0	1	0	1
emergency	0	0	1	0	1	0
eminence	0	0	0	1	0	0
emphasize	0	0	0	1	0	0
employ	0	0	0	1	0	0
emptiness	0	0	0	0	1	0
enable	0	0	0	1	0	0
enablement	0	0	0	1	0	0
enchant	0	1	0	0	0	1
enchanted	0	1	0	1	0	0
enchanting	0	1	0	0	0	1
encourage	0	1	0	1	0	0
encroachment	0	0	1	0	0	0
encumbrance	1	0	1	0	1	0
encyclopedia	0	0	0	1	0	0
endanger	0	0	1	0	0	1
endangered	0	0	1	0	0	0
endeavor	0	0	0	0	0	1
endemic	0	0	1	0	1	0
endless	1	1	1	1	1	0
endocarditis	0	0	1	0	1	0
endow	0	0	0	1	0	0
endowment	0	0	0	1	0	0
enemy	1	0	1	0	0	0
enforce	1	0	1	0	0	0
engaged	0	1	0	1	0	1
engaging	0	1	0	1	0	0
engulf	0	0	0	0	0	1
enigmatic	0	0	1	0	0	0
enjoy	0	1	0	1	0	1
enjoying	0	1	0	1	0	1
enlighten	0	1	0	1	0	0
enlightenment	0	1	0	1	0	0
enliven	0	1	0	1	0	0
enmity	1	0	1	0	1	0
enroll	0	0	0	1	0	1
ensemble	0	0	0	1	0	0
enslaved	1	0	1	0	1	0
entangled	1	0	1	0	1	0
entertain	0	1	0	0	0	0
entertained	0	1	0	0	0	0
entertaining	0	1	0	0	0	1
entertainment	0	1	0	1	0	1
enthusiasm	0	1	0	0	0	1
enthusiast	0	1	0	0	0	1
entrust	0	0	0	1	0	0
epidemic	1	0	1	0	1	1
episcopal	0	0	0	1	0	0
epitaph	0	0	0	0	1	0
equality	0	1	0	1	0	0
eradicate	1	0	0	0	0	0
eradication	1	0	1	0	0	0
erase	0	0	1	0	0	0
erotic	0	1	0	1	0	1
errand	0	0	0	1	0	1
error	0	0	0	0	1	0
erupt	1	0	0	0	0	0
eruption	1	0	1	0	0	0
escalate	1	0	0	0	0	0
escape	0	0	1	0	0	1
escaped	0	0	1	0	0	0
eschew	1	0	0	0	1	0
escort	0	0	0	1	0	0
establish	0	0	0	1	0	0
established	0	1	0	0	0	0
esteem	0	1	0	1	1	0
ethereal	0	0	1	0	0	0
euthanasia	0	0	1	0	1	0
evacuate	0	0	1	0	0	0
evade	1	0	1	0	0	0
evanescence	0	0	0	0	1	0
evasion	0	0	1	0	1	0
eventual	0	0	0	0	0	1
eventuality	0	0	1	0	0	1
evergreen	0	1	0	1	0	0
evict	0	0	0	0	1	0
eviction	1	0	1	0	1	0
evident	0	0	0	1	0	0
evil	1	0	1	0	1	0
exacerbation	1	0	1	0	0	0
exaggerate	1	0	0	0	0	0
exalt	0	1	0	1	0	1
exaltation	0	1	0	1	0	0
exalted	0	1	0	1	0	0
examination	0	0	1	0	0	0
exasperation	1	0	0	0	0	0
excavation	0	0	0	0	0	1
exceed	0	1	0	0	0	1
excel	0	1	0	1	0	1
excellence	0	1	0	1	0	0
excellent	0	1	0	1	0	0
exchange	0	0	0	1	0	0
excitation	1	1	1	0	0	1
excite	1	1	1	0	0	1
excited	0	1	0	1	0	1
excitement	0	1	0	0	0	1
exciting	0	1	0	0	0	1
excluded	0	0	0	0	1	0
excluding	0	0	0	0	1	0
exclusion	0	0	1	0	1	0
excruciating	0	0	1	0	0	0
execution	1	0	1	1	1	0
executioner	1	0	1	0	1	0
executor	0	0	0	1	0	0
exhausted	0	0	0	0	1	0
exhaustion	0	0	0	0	1	1
exhaustive	0	0	0	1	0	0
exhilaration	0	1	0	0	0	0
exigent	0	0	1	0	0	1
exile	1	0	1	0	1	0
exorcism	0	0	1	0	1	0
expect	0	0	0	1	0	1
expectancy	0	0	0	0	0	1
expectant	0	0	0	0	0	1
expectation	0	0	0	0	0	1
expected	0	0	0	0	0	1
expecting	0	0	0	0	0	1
expedient	0	1	0	1	0	0
expedition	0	0	0	0	0	1
expel	1	0	1	0	1	0
experienced	0	0	0	1	0	0
experiment	0	0	0	0	0	1
expert	0	0	0	1	0	0
expertise	0	0	0	1	0	0
expire	0	0	0	0	1	0
explain	0	0	0	1	0	0
expletive	1	0	0	0	0	0
explode	1	0	1	0	1	0
explore	0	0	0	0	0	1
explosion	0	0	1	0	0	0
explosive	1	0	1	0	0	1
expose	0	0	1	0	0	1
expulsion	1	0	1	0	1	0
exquisite	0	1	0	0	0	0
exterminate	0	0	1	0	1	0
extermination	1	0	1	0	0	0
extinct	0	0	0	0	1	0
extinguish	1	0	0	0	0	0
extrajudicial	0	0	1	0	0	0
extricate	0	0	0	0	0	1
exuberance	0	1	0	0	0	0
eyewitness	0	0	0	1	0	0
fabrication	0	0	0	1	0	0
fact	0	0	0	1	0	0
facts	0	0	0	1	0	0
faculty	0	0	0	1	0	0
failing	1	0	1	0	1	1
failure	0	0	1	0	1	0
fain	0	1	0	1	0	1
fainting	0	0	1	0	1	0
fairly	0	0	0	1	0	0
faith	0	1	0	1	0	1
faithful	0	0	0	1	0	0
faithless	0	0	0	0	1	0
fall	0	0	0	0	1	0
fallacious	1	0	0	0	0	0
falling	0	0	0	0	1	0
falsehood	1	0	0	1	0	0
falsification	1	0	0	0	0	0
falter	0	0	1	0	0	0
familiar	0	0	0	1	0	0
familiarity	0	1	0	1	0	1
famine	0	0	0	0	1	0
fanaticism	0	0	1	0	0	0
fancy	0	1	0	0	0	1
fanfare	0	1	0	0	0	1
fang	0	0	1	0	0	0
fangs	0	0	1	0	0	0
farm	0	0	0	0	0	1
fasting	0	0	0	0	1	0
fat	0	0	0	0	1	0
fatal	1	0	1	0	1	0
fatality	0	0	1	0	1	0
fate	0	0	0	0	0	1
father	0	0	0	1	0	0
fatigued	0	0	0	0	1	0
fatty	0	0	0	0	1	0
fault	0	0	0	0	1	0
faultless	0	0	0	1	0	0
favorable	0	1	0	1	0	1
favorite	0	1	0	1	0	0
fear	1	0	1	0	0	0
fearful	0	0	1	0	1	0
fearfully	0	0	1	0	1	0
fearing	0	0	1	0	0	0
fearless	0	0	1	0	0	0
feat	0	1	0	0	0	1
fee	1	0	0	0	0	0
feeble	0	0	0	0	1	0
feeling	1	1	1	1	1	1
felicity	0	1	0	0	0	0
fell	0	0	0	0	1	0
fellow	0	0	0	1	0	0
felon	0	0	1	0	0	0
fenced	1	0	0	0	0	0
fender	0	0	0	1	0	0
ferment	0	0	0	0	0	1
fermentation	0	0	0	0	0	1
ferocious	1	0	1	0	0	0
ferocity	1	0	0	0	0	0
fervor	1	1	0	0	0	0
festival	0	1	0	0	0	1
festive	0	1	0	0	0	0
fete	0	1	0	0	0	1
feud	1	0	0	0	0	0
feudalism	1	0	0	0	1	0
fever	0	0	1	0	0	0
fib	1	0	0	0	0	0
fidelity	0	1	0	1	0	0
fiend	1	0	1	0	0	0
fierce	1	0	1	0	0	0
fiesta	0	1	0	1	0	1
fight	1	0	1	0	0	0
fighting	1	0	0	0	0	0
fill	0	0	0	1	0	0
finally	0	1	0	1	0	1
fire	0	0	1	0	0	0
firearms	1	0	1	0	0	0
fireman	0	0	0	1	0	0
firmness	0	0	0	1	0	0
firstborn	0	1	0	1	0	1
fits	1	0	0	0	0	0
fitting	0	1	0	1	0	1
fixed	0	0	0	1	0	0
flaccid	0	0	0	0	1	0
flagrant	1	0	0	0	0	0
flagship	0	0	0	1	0	0
flange	0	0	0	1	0	0
flattering	0	1	0	0	0	0
flaw	0	0	0	0	1	0
fled	0	0	1	0	0	0
flee	0	0	1	0	0	0
fleece	1	0	0	0	1	0
flinch	0	0	1	0	1	1
flirt	0	1	0	1	0	1
flog	1	0	1	0	1	0
flood	0	0	1	0	0	0
flop	0	0	0	0	1	0
flounder	0	0	1	0	1	0
flu	0	0	1	0	0	0
fluctuation	1	0	1	0	0	0
flying	0	0	1	0	0	0
foe	1	0	1	0	0	0
follower	0	0	0	1	0	0
fondness	0	1	0	0	0	0
food	0	1	0	1	0	0
football	0	1	0	0	0	1
footing	0	0	0	1	0	0
foray	1	0	0	0	0	0
forbid	0	0	0	0	1	0
forbidding	1	0	1	0	0	0
force	1	0	1	0	0	0
forced	0	0	1	0	0	0
forcibly	1	0	1	0	0	0
forearm	1	0	0	0	0	1
foreboding	0	0	1	0	0	1
forecast	0	0	0	1	0	1
foreclose	0	0	1	0	1	0
forefathers	0	1	0	1	0	0
foreigner	0	0	1	0	0	0
foresee	0	0	0	1	0	1
foreseen	0	0	0	0	0	1
foresight	0	0	0	1	0	1
forewarned	0	0	1	0	0	1
forfeit	1	0	0	0	1	0
forfeiture	0	0	1	0	1	0
forgiving	0	0	0	1	0	0
forgotten	0	0	1	0	1	0
forlorn	0	0	0	0	1	0
formality	0	0	0	1	0	0
formative	0	0	0	1	0	0
formidable	0	0	1	0	0	0
forming	0	0	0	0	0	1
formula	0	0	0	1	0	0
forsake	0	0	0	0	1	0
forsaken	1	0	0	0	1	0
fort	0	0	0	1	0	0
fortitude	0	1	0	1	0	0
fortress	0	0	1	1	1	0
fortune	0	1	0	1	0	1
foul	1	0	1	0	0	0
found	0	1	0	1	0	0
fragile	0	0	1	0	1	0
frailty	0	0	0	0	1	0
framework	0	0	0	1	0	0
frank	0	0	0	1	0	0
frankness	0	0	0	1	0	0
frantic	0	0	1	0	0	1
fraternal	0	1	0	1	0	0
fraud	1	0	0	0	0	0
fraudulent	1	0	0	0	0	0
fraught	0	0	1	0	1	0
frayed	0	0	0	0	1	0
freakish	0	0	1	0	0	0
freedom	0	1	0	1	0	0
freely	0	1	0	1	0	0
frenetic	1	0	1	0	0	0
frenzied	1	0	1	0	0	0
fret	0	0	1	0	0	0
friction	1	0	0	0	0	0
friend	0	1	0	1	0	0
friendliness	0	1	0	1	0	0
friendly	0	1	0	1	0	1
friendship	0	1	0	1	0	0
frigate	0	0	1	0	0	0
fright	0	0	1	0	0	0
frighten	0	0	1	0	1	0
frightened	0	0	1	0	0	0
frightful	1	0	1	0	1	0
frisky	0	1	0	0	0	1
frolic	0	1	0	0	0	0
frown	0	0	0	0	1	0
frowning	1	0	0	0	1	0
fruitless	0	0	0	0	1	0
frustrate	1	0	0	0	1	0
frustrated	1	0	0	0	0	0
frustration	1	0	0	0	0	0
fugitive	1	0	1	1	1	0
fulfill	0	1	0	0	0	0
fulfillment	0	1	0	1	0	1
fully	0	0	0	1	0	0
fuming	1	0	0	0	0	0
fun	0	1	0	0	0	1
fundamental	0	0	0	1	0	0
funeral	0	0	0	0	1	0
funk	0	0	0	0	1	0
furious	1	0	0	0	0	0
furiously	1	0	0	0	0	0
furnace	1	0	0	0	0	0
furor	1	0	0	0	0	0
furrow	0	0	0	0	1	0
fury	1	0	1	0	1	0
fuse	0	0	0	1	0	0
fuss	1	0	0	0	1	0
futile	0	0	0	0	1	0
gage	0	0	0	1	0	0
gain	0	1	0	0	0	1
gall	1	0	0	0	0	0
gallows	1	0	1	0	1	0
gambler	0	0	0	0	0	1
gambling	0	0	0	0	0	1
gang	1	0	1	0	0	0
garden	0	1	0	0	0	0
garrison	0	0	0	1	0	0
gash	0	0	1	0	0	0
gasping	0	0	1	0	0	0
gate	0	0	0	1	0	0
gateway	0	0	0	1	0	0
gauging	0	0	0	1	0	0
gazette	0	0	0	1	0	0
gem	0	1	0	0	0	0
general	0	0	0	1	0	0
generosity	0	1	0	1	0	1
generous	0	1	0	1	0	0
genial	0	1	0	0	0	0
gent	1	0	1	0	0	0
gentleman	0	0	0	1	0	0
gentry	0	0	0	1	0	0
genuine	0	0	0	1	0	0
geriatric	0	0	0	0	1	0
germ	0	0	0	0	0	1
germination	0	0	0	0	0	1
ghastly	0	0	1	0	0	0
ghetto	0	0	1	0	1	0
ghost	0	0	1	0	0	0
ghostly	0	0	1	0	0	0
giant	0	0	1	0	0	0
gibberish	1	0	0	0	0	0
gift	0	1	0	0	0	1
giggle	0	1	0	0	0	0
girder	0	0	0	1	0	0
glad	0	1	0	0	0	1
gladiator	0	0	1	0	0	0
gladness	0	1	0	0	0	0
glare	1	0	1	0	0	0
glaring	1	0	0	0	0	0
glee	0	1	0	0	0	0
glide	0	1	0	0	0	1
glimmer	0	1	0	0	0	1
glitter	0	1	0	0	0	0
gloom	0	0	0	0	1	0
gloomy	0	0	0	0	1	0
glorification	0	1	0	0	0	0
glorify	0	1	0	1	0	1
glory	0	1	0	1	0	1
glow	0	1	0	1	0	1
glum	0	0	0	0	1	0
gnome	1	0	1	0	0	0
goblin	0	0	1	0	0	0
god	0	1	1	1	0	1
godless	1	0	0	0	0	0
godly	0	1	0	1	0	0
godsend	0	1	0	0	0	0
gonorrhea	1	0	1	0	1	0
good	0	1	0	1	0	1
goodness	0	1	0	1	0	1
gore	1	0	1	0	1	0
gorgeous	0	1	0	0	0	0
gory	1	0	1	0	1	0
gospel	0	0	0	1	0	0
govern	0	0	0	1	0	0
governess	0	0	0	1	0	0
government	0	0	1	0	0	0
governor	0	0	0	1	0	0
grab	1	0	0	0	0	0
gradual	0	0	0	0	0	1
graduation	0	1	1	1	0	1
grammar	0	0	0	1	0	0
grandchildren	0	1	0	1	0	1
grandfather	0	0	0	1	0	0
grant	0	1	0	1	0	1
grasping	0	0	0	0	0	1
grated	1	0	0	0	0	0
gratify	0	1	0	0	0	0
grating	1	0	0	0	0	0
gratitude	0	1	0	0	0	0
grave	0	0	1	0	1	0
gravitate	0	0	0	0	0	1
gray	0	0	0	0	1	0
greatness	0	1	0	1	0	0
greed	1	0	0	0	0	0
green	0	1	0	1	0	0
grenade	0	0	1	0	0	0
grief	0	0	0	0	1	0
grievance	1	0	0	0	1	0
grieve	0	0	1	0	1	0
grievous	1	0	1	0	1	0
grim	1	0	1	0	1	1
grin	0	1	0	1	0	1
grisly	0	0	1	0	0	0
grit	0	0	0	1	0	0
grizzly	0	0	1	0	0	0
groan	0	0	0	0	1	0
grope	1	0	1	0	0	0
ground	0	0	0	1	0	0
grounded	0	0	1	0	1	0
grow	0	1	0	1	0	1
growl	1	0	1	0	0	0
growling	1	0	1	0	0	0
grudge	1	0	0	0	0	0
gruff	1	0	0	0	0	0
grumble	1	0	0	0	0	0
grumpy	1	0	0	0	1	0
guarantee	0	0	0	1	0	0
guard	0	0	1	1	0	0
guarded	0	0	0	1	0	0
guardian	0	0	0	1	0	0
guardianship	0	0	0	1	0	0
gubernatorial	0	0	0	1	0	0
guerilla	0	0	1	0	0	0
guidance	0	0	0	1	0	0
guide	0	0	0	1	0	0
guidebook	0	0	0	1	0	0
guillotine	1	0	1	0	1	1
guilt	0	0	0	0	1	0
guilty	1	0	0	0	1	0
gullible	0	0	0	1	1	0
gulp	0	0	1	0	0	0
gun	1	0	1	0	0	0
gunpowder	0	0	1	0	0	0
guru	0	0	0	1	0	0
gush	0	1	0	0	0	0
gusset	0	0	0	1	0	0
habitual	0	0	0	0	0	1
hag	0	0	1	0	0	0
haggard	0	0	0	0	1	0
hail	0	0	0	1	0	0
hallucination	0	0	1	0	0	0
halter	1	0	1	0	1	0
halting	0	0	1	0	1	0
hamstring	1	0	0	0	1	0
handbook	0	0	0	1	0	0
handicap	0	0	0	0	1	0
hanging	1	0	1	0	1	0
hangman	0	0	1	0	0	0
hankering	0	0	0	0	0	1
hap	0	0	0	0	0	1
happen	0	0	0	0	0	1
happily	0	1	0	0	0	0
happiness	0	1	0	0	0	1
happy	0	1	0	1	0	1
harass	1	0	0	0	0	0
harassing	1	0	0	0	0	0
harbinger	1	0	1	0	0	1
harbor	0	0	0	1	0	0
hardened	1	0	1	0	0	0
hardship	0	0	0	0	1	0
hardy	0	1	0	1	0	0
harm	0	0	1	0	0	0
harmful	1	0	1	0	1	0
harmoniously	0	1	0	1	0	0
harmony	0	1	0	1	0	0
harrowing	0	0	1	0	0	0
harry	1	0	0	0	1	0
harshness	1	0	1	0	0	0
harvest	0	1	0	0	0	1
haste	0	0	0	0	0	1
hate	1	0	1	0	1	0
hateful	1	0	1	0	1	0
hating	1	0	0	0	0	0
hatred	1	0	1	0	1	0
haughty	1	0	0	0	0	0
haunt	0	0	1	0	0	0
haunted	0	0	1	0	1	0
haven	0	0	0	1	0	0
havoc	1	0	1	0	0	0
hawk	0	0	1	0	0	0
hazard	0	0	1	0	0	0
hazardous	0	0	1	0	0	0
haze	0	0	1	0	0	0
headlight	0	0	0	0	0	1
heal	0	1	0	1	0	0
healing	0	1	0	1	0	1
healthful	0	1	0	0	0	0
hearing	0	0	1	0	0	0
hearse	0	0	1	0	1	0
heartache	0	0	0	0	1	0
heartfelt	0	1	0	1	1	0
heartily	0	1	0	0	0	0
heartless	0	0	0	0	1	0
heathen	0	0	1	0	0	0
heavenly	0	1	0	1	0	1
heavens	0	1	0	1	0	0
hedonism	0	1	0	0	0	0
heft	0	0	1	0	0	1
heighten	0	0	1	0	0	0
hell	1	0	1	0	1	0
hellish	1	0	1	0	1	0
helmet	0	0	1	0	0	0
helper	0	0	0	1	0	0
helpful	0	1	0	1	0	0
helpless	0	0	1	0	1	0
helplessness	0	0	1	0	1	0
hemorrhage	0	0	1	0	1	0
heritage	0	0	0	1	0	0
hermit	0	0	0	1	1	0
hero	0	1	0	1	0	1
heroic	0	1	0	1	0	0
heroine	0	0	0	1	0	0
heroism	0	1	0	1	0	1
hesitation	0	0	1	0	0	0
heyday	0	1	0	1	0	1
hide	0	0	1	0	0	0
hideous	0	0	1	0	1	0
hiding	0	0	1	0	0	0
highest	0	1	1	0	0	1
hilarious	0	1	0	0	0	0
hilarity	0	1	0	0	0	0
hindering	0	0	0	0	1	0
hire	0	1	0	1	0	1
hiss	1	0	1	0	0	0
hit	1	0	0	0	0	0
hoary	0	0	0	0	1	0
hoax	1	0	0	0	1	0
hobby	0	1	0	0	0	0
hobo	0	0	0	0	1	0
holiday	0	1	0	0	0	1
holiness	0	1	1	1	0	1
hollow	0	0	0	0	1	0
holocaust	1	0	1	0	1	0
homeless	1	0	1	0	1	1
homesick	0	0	0	0	1	0
homework	0	0	1	0	0	0
homicidal	1	0	1	0	0	0
homicide	1	0	1	0	1	0
honest	1	1	1	1	1	0
honesty	0	0	0	1	0	0
honeymoon	0	1	0	1	0	1
honor	0	0	0	1	0	0
honorable	0	0	0	1	0	0
hood	1	0	1	0	0	0
hooded	0	0	1	0	0	0
hoot	1	0	0	0	0	0
hope	0	1	0	1	0	1
hopeful	0	1	0	1	0	1
hopeless	0	0	1	0	1	0
hopelessness	1	0	1	0	1	0
horizon	0	0	0	0	0	1
horoscope	0	0	0	0	0	1
horrible	1	0	1	0	0	0
horrid	1	0	1	0	1	0
horrific	1	0	1	0	1	0
horrified	0	0	1	0	0	0
horrifying	0	0	1	0	1	0
horror	1	0	1	0	1	0
horrors	0	0	1	0	1	0
horse	0	0	0	1	0	0
hospice	0	0	0	0	1	0
hospital	0	0	1	1	1	0
hostage	1	0	1	0	0	0
hostile	1	0	1	0	0	0
hostilities	1	0	1	0	0	0
hostility	1	0	0	0	0	0
hot	1	0	0	0	0	0
howl	1	0	1	0	1	0
huff	1	0	0	0	0	0
hug	0	1	0	1	0	0
humanitarian	0	1	0	1	0	1
humanity	0	1	0	1	0	0
humble	0	0	0	0	1	0
humbled	0	0	0	0	1	0
humbug	1	0	0	0	1	0
humiliate	1	0	0	0	1	0
humiliation	0	0	0	0	1	0
humility	0	0	0	1	0	0
humorous	0	1	0	0	0	0
hungry	0	0	0	0	0	1
hunter	0	0	1	0	1	1
hunting	1	0	1	0	0	1
hurrah	0	1	0	0	0	0
hurricane	0	0	1	0	0	0
hurried	0	0	0	0	0	1
hurry	0	0	0	0	0	1
hurt	1	0	1	0	1	0
hurtful	1	0	1	0	1	0
hurting	1	0	1	0	1	0
husbandry	0	0	0	1	0	0
hut	0	0	0	0	1	0
hydra	0	0	1	0	0	0
hydrocephalus	0	0	1	0	1	0
hymn	0	1	0	1	1	1
hype	0	0	0	0	0	1
hypertrophy	0	0	1	0	0	0
hypothesis	0	0	0	0	0	1
hysteria	0	0	1	0	0	0
hysterical	1	0	1	0	0	0
idiocy	1	0	0	0	1	0
idiotic	1	0	0	0	0	0
idolatry	0	0	1	0	0	0
ill	1	0	1	0	1	0
illegal	1	0	1	0	1	0
illegality	1	0	1	0	0	0
illegitimate	1	0	1	0	1	0
illicit	1	0	1	0	0	0
illness	0	0	1	0	1	0
illuminate	0	1	0	0	0	1
illumination	0	1	0	1	0	0
immaculate	0	1	0	1	0	0
immature	0	0	0	0	0	1
immaturity	1	0	0	0	0	1
immediately	0	0	0	0	0	1
immerse	0	1	1	1	0	1
immigrant	0	0	1	0	0	0
imminent	0	0	1	0	0	1
immoral	1	0	1	0	1	0
immorality	1	0	0	0	0	0
immortality	0	0	0	0	0	1
immovable	0	0	0	1	0	0
immunization	0	0	0	1	0	0
impart	0	0	0	1	0	0
impartial	0	0	0	1	0	0
impartiality	0	0	0	1	0	0
impatient	0	0	0	0	0	1
impeach	0	0	1	0	0	0
impeccable	0	0	0	1	0	0
impending	0	0	1	0	0	1
impenetrable	0	0	0	1	0	0
impermeable	1	0	1	0	0	0
implicate	1	0	0	0	0	0
importance	0	0	0	0	0	1
important	0	0	0	1	0	0
impossible	0	0	0	0	1	0
impotence	1	0	1	0	1	0
impressionable	0	0	0	1	0	0
imprisoned	1	0	1	0	1	0
imprisonment	1	0	1	0	1	0
improve	0	1	0	1	0	1
improvement	0	1	0	1	0	0
improvise	0	0	0	0	0	1
imprudent	0	0	0	0	1	0
inability	0	0	0	0	1	0
inadequate	0	0	0	0	1	0
inadmissible	1	0	0	0	0	0
inappropriate	1	0	0	0	1	0
inattention	1	0	0	0	0	0
inaugural	0	0	0	0	0	1
inauguration	0	1	0	1	0	1
incarceration	1	0	1	0	1	0
incase	1	0	1	0	1	0
incendiary	1	0	1	0	0	0
incense	1	0	0	0	0	0
incest	1	0	1	0	1	0
incite	1	0	1	0	0	1
incline	0	0	0	1	0	0
inclusion	0	0	0	1	0	0
income	0	1	0	1	1	1
incompatible	1	0	0	0	1	0
incompetent	1	0	0	0	1	0
incongruous	1	0	0	0	0	0
inconsequential	0	0	0	0	1	0
inconsiderate	1	0	0	0	1	0
inconvenient	1	0	0	0	1	0
incredulous	1	0	0	0	0	0
incrimination	0	0	1	0	1	0
incubus	0	0	1	0	0	0
incurable	1	0	1	0	1	0
incursion	0	0	1	0	0	0
indecency	1	0	0	0	0	0
indefensible	0	0	1	0	0	0
indelible	0	0	0	1	0	0
indemnity	0	0	0	1	0	0
indent	0	0	0	1	0	0
indenture	1	0	0	0	0	0
independence	0	1	0	1	0	1
indestructible	0	0	0	1	0	0
indict	1	0	1	0	0	0
indictment	0	0	1	0	0	0
indifference	1	0	1	0	1	0
indigent	0	0	0	0	1	0
indignant	1	0	0	0	0	0
indignation	1	0	0	0	0	0
indivisible	0	0	0	1	0	0
indoctrination	1	0	1	0	0	0
indomitable	0	0	1	0	0	0
inefficiency	0	0	0	0	1	0
inefficient	0	0	0	0	1	0
inept	1	0	0	0	0	0
ineptitude	0	0	1	0	1	0
inequality	1	0	1	0	1	0
inexcusable	1	0	0	0	1	0
infallibility	0	0	0	1	0	0
infamous	1	0	1	0	0	0
infamy	0	0	0	0	1	0
infant	0	1	1	0	0	1
infanticide	1	0	1	0	1	1
infantile	1	0	0	0	0	0
infarct	0	0	1	0	0	0
infection	0	0	1	0	0	0
infectious	0	0	1	0	1	0
inferior	0	0	0	0	1	0
inferno	1	0	1	0	0	0
infertility	0	0	0	0	1	0
infestation	0	0	1	0	0	0
infidel	1	0	1	0	0	0
infidelity	1	0	1	0	1	0
infinity	0	1	0	1	0	1
infirmity	0	0	1	0	0	0
inflation	0	0	1	0	0	0
inflict	1	0	1	0	1	0
infliction	0	0	1	0	1	0
influential	0	0	0	1	0	0
inform	0	0	0	1	0	0
infraction	1	0	0	0	0	0
inheritance	0	1	0	1	0	1
inhibit	1	0	0	0	1	0
inhospitable	0	0	0	0	1	0
inhuman	1	0	1	0	1	0
inhumanity	0	0	0	0	1	0
inimical	1	0	0	0	1	0
inimitable	0	0	0	1	0	0
injection	0	0	1	0	0	0
injure	1	0	1	0	1	0
injured	0	0	1	0	1	0
injurious	1	0	1	0	1	0
injury	1	0	1	0	1	0
injustice	1	0	0	0	0	0
inmate	0	0	1	0	0	0
innocent	0	0	0	1	0	0
inoculation	0	0	0	1	0	1
inoperative	1	0	0	0	0	0
inquiry	0	0	0	0	0	1
insane	1	0	1	0	0	0
insanity	1	0	1	0	1	0
insecure	1	0	1	0	1	0
insecurity	0	0	1	0	0	0
inseparable	0	1	0	1	0	0
insidious	1	0	1	0	0	0
insignificant	1	0	0	0	1	0
insolvency	0	0	1	0	1	0
insolvent	0	0	1	1	1	0
inspiration	0	1	0	0	0	1
inspire	0	1	0	1	0	1
inspired	0	1	0	1	0	0
instability	0	0	1	0	0	0
install	0	0	0	0	0	1
instinctive	1	0	1	0	0	0
institute	0	0	0	1	0	0
instruct	0	0	0	1	0	0
instruction	0	0	0	1	0	0
instructions	0	0	0	1	0	1
instructor	0	0	0	1	0	1
insufficiency	1	0	0	0	0	0
insulation	0	0	0	1	0	0
insult	1	0	0	0	1	0
insulting	1	0	1	0	1	0
insure	0	0	0	1	0	0
insurmountable	0	0	1	0	1	0
insurrection	1	0	0	0	0	0
intact	0	0	0	1	0	0
integrity	0	0	0	1	0	0
intelligence	0	1	1	1	0	0
intelligent	0	0	0	1	0	0
intend	0	0	0	1	0	0
intended	0	0	0	0	0	1
intense	1	1	1	1	0	0
inter	0	0	0	0	1	0
intercede	0	0	1	0	1	0
intercession	0	0	0	1	0	0
interested	0	0	0	0	1	0
interim	0	0	0	0	0	1
interior	0	0	0	1	0	0
interment	0	0	0	0	1	0
interminable	1	0	0	0	0	1
intermission	0	0	0	0	0	1
interrogate	0	0	1	0	0	0
interrogation	0	0	1	0	0	0
interrupt	1	0	0	0	0	0
interrupted	0	0	0	0	1	0
intervention	0	0	0	0	1	0
interviewer	0	0	1	0	0	0
intimate	0	1	0	1	0	1
intimately	0	1	1	0	0	1
intimidate	0	0	1	0	0	0
intimidation	1	0	1	0	0	0
intolerable	1	0	0	0	0	0
intolerance	1	0	1	0	0	0
intolerant	1	0	1	0	1	0
intractable	1	0	0	0	0	0
intrigue	0	0	1	0	0	1
intruder	1	0	1	0	0	0
intrusion	0	0	1	0	0	0
intrusive	1	0	1	0	0	0
intuition	0	0	0	1	0	0
intuitively	0	0	0	0	0	1
invade	1	0	1	0	1	0
invader	1	0	1	0	1	0
invalid	0	0	0	0	1	0
invasion	1	0	0	0	0	0
investigation	0	0	0	0	0	1
invitation	0	0	0	0	0	1
invite	0	1	0	1	0	1
inviting	0	1	0	1	0	1
invocation	0	0	0	1	0	1
invoke	0	0	0	0	0	1
involution	1	0	0	0	0	0
involvement	1	0	0	0	0	0
irate	1	0	0	0	0	0
ire	1	0	0	0	0	0
iris	0	0	1	0	0	0
iron	0	0	0	1	0	0
irrational	0	0	1	0	0	0
irreconcilable	1	0	1	0	1	0
irrefutable	0	0	0	1	0	0
irreparable	0	0	1	0	1	0
irritability	1	0	0	0	0	0
irritable	1	0	0	0	0	0
irritating	1	0	0	0	0	0
irritation	1	0	0	0	1	0
isolate	0	0	0	0	1	0
isolated	0	0	1	0	1	0
isolation	0	0	0	0	1	0
jab	1	0	0	0	0	0
jackpot	0	1	0	0	0	1
jail	0	0	1	0	1	0
jarring	0	0	1	0	1	0
jaundice	0	0	1	0	0	0
jaws	0	0	1	0	0	0
jealous	1	0	0	0	0	0
jealousy	1	0	1	0	1	0
jeopardize	1	0	1	0	0	0
jeopardy	0	0	1	0	0	1
jerk	1	0	0	0	0	0
jest	0	1	0	0	0	0
joker	0	1	0	0	0	0
journalism	0	0	0	1	0	0
journey	0	1	1	0	0	1
journeyman	0	0	0	1	0	0
jovial	0	1	0	0	0	0
joy	0	1	0	0	0	0
joyful	0	1	0	1	0	0
joyous	0	1	0	0	0	0
jubilant	0	1	0	1	0	0
jubilee	0	1	0	0	0	0
judicial	0	0	0	1	0	1
judiciary	0	0	0	1	0	1
judicious	0	0	0	1	0	0
jump	0	1	0	0	0	0
jungle	0	0	1	0	0	0
jurisprudence	0	0	0	0	1	0
jurist	0	0	0	1	0	0
jury	0	0	0	1	0	0
justice	0	0	0	1	0	0
justifiable	0	0	0	1	0	0
kennel	0	0	0	0	1	0
kerosene	0	0	1	0	0	0
khan	0	0	1	1	0	0
kick	1	0	0	0	0	0
kicking	1	0	0	0	0	0
kidnap	1	0	1	0	1	0
kill	0	0	1	0	1	0
killing	1	0	1	0	1	0
kind	0	1	0	1	0	0
kindred	0	1	0	1	0	1
kiss	0	1	0	0	0	1
kitten	0	1	0	1	0	0
knell	0	0	1	0	1	0
knickers	0	0	0	1	0	0
kudos	0	1	0	0	0	0
label	0	0	0	1	0	0
labor	0	1	0	1	0	1
labored	0	0	0	0	1	0
labyrinth	0	0	0	0	0	1
lace	1	0	1	1	1	0
lagging	1	0	0	0	1	1
lamb	0	1	0	1	0	0
lament	0	0	1	0	1	0
lamenting	0	0	0	0	1	0
landmark	0	0	0	1	0	0
landslide	0	0	1	0	1	0
languishing	0	0	1	0	1	0
larger	0	0	0	1	0	0
laser	0	0	0	1	0	0
lash	1	0	1	0	0	0
late	0	0	0	0	1	0
latent	1	0	0	0	0	1
laugh	0	1	0	0	0	0
laughing	0	1	0	0	0	0
laughter	0	1	0	0	0	1
launch	0	0	0	0	0	1
laureate	0	0	0	1	0	0
laurels	0	1	0	0	0	0
lava	1	0	1	0	0	0
law	0	0	0	1	0	0
lawful	0	0	0	1	0	0
lawlessness	1	0	1	0	0	0
lawsuit	1	0	1	0	1	0
lawyer	1	0	1	0	0	0
lax	0	0	0	0	1	0
laxative	0	0	1	0	0	0
leader	0	0	0	1	0	0
leading	0	0	0	1	0	0
leaning	0	0	0	1	0	0
leave	0	0	0	0	1	0
leeches	0	0	1	0	0	0
legal	0	0	0	1	0	0
legalized	1	1	1	1	0	0
legislator	0	0	0	1	0	0
legislature	0	0	0	1	0	0
legitimacy	0	0	0	1	0	0
leisure	0	1	0	1	0	1
lender	0	0	0	1	0	0
leprosy	0	0	1	0	1	0
lessen	0	0	0	0	0	1
lesson	0	0	0	1	0	1
lethal	0	0	1	0	1	0
lethargy	0	0	0	0	1	0
letter	0	0	0	0	0	1
lettered	0	0	0	1	0	1
leukemia	1	0	1	0	1	0
levee	0	0	0	1	0	0
level	0	0	0	1	0	0
libel	1	0	1	1	0	0
liberate	1	1	0	1	0	1
liberation	0	1	0	0	0	1
liberty	0	1	0	1	0	1
lie	1	0	0	0	1	0
lieutenant	0	0	0	1	0	0
lifeless	0	0	1	0	1	0
lightning	1	0	1	0	0	0
liking	0	1	0	1	0	0
limited	1	0	0	0	1	0
lines	0	0	1	0	0	0
linger	0	0	0	0	0	1
linguist	0	0	0	1	0	0
lion	0	0	1	0	0	0
liquor	1	1	0	0	1	0
listless	0	0	0	0	1	0
litigate	1	0	1	0	1	1
litigious	1	0	0	0	0	0
livid	1	0	0	0	0	0
loath	1	0	0	0	0	0
loathe	1	0	0	0	0	0
loathsome	1	0	0	0	0	0
localize	0	0	0	0	0	1
lockup	0	0	1	0	1	0
locust	0	0	1	0	0	0
lodging	0	0	0	1	0	0
lone	0	0	0	0	1	0
loneliness	0	0	1	0	1	0
lonely	1	0	1	0	1	0
lonesome	0	0	0	0	1	0
long	0	0	0	0	0	1
longing	0	0	0	0	1	1
loom	0	0	1	0	0	1
lord	0	0	0	1	0	0
lose	1	0	1	0	1	0
losing	1	0	0	0	1	0
loss	1	0	1	0	1	0
lost	0	0	0	0	1	0
lottery	0	0	0	0	0	1
loudness	1	0	0	0	0	0
lovable	0	1	0	1	0	0
love	0	1	0	0	0	0
lovely	0	1	0	1	1	1
lovemaking	0	1	0	1	0	0
lover	0	1	0	1	0	1
loving	0	1	0	1	0	0
lower	0	0	0	0	1	0
lowest	0	0	0	0	1	0
lowly	0	0	0	0	1	0
loyal	0	1	1	1	0	0
loyalty	0	0	0	1	0	0
luck	0	1	0	0	0	1
lucky	0	1	0	0	0	0
lull	0	0	0	0	0	1
lunacy	1	0	1	0	1	0
lunatic	1	0	1	0	0	0
luscious	0	1	0	0	0	1
lush	0	0	0	0	1	0
lust	0	0	0	0	0	1
luster	0	1	0	0	0	0
luxurious	0	1	0	0	0	0
luxury	0	1	0	0	0	0
lying	1	0	0	0	0	0
lynch	1	0	1	0	1	0
lyre	0	1	0	0	0	0
lyrical	0	1	0	0	0	0
mace	0	0	1	0	0	0
machine	0	0	0	1	0	0
mad	1	0	1	0	1	0
madden	1	0	1	0	0	0
madman	1	0	1	0	0	0
madness	1	0	1	0	0	0
mafia	0	0	1	0	0	0
mage	0	0	1	0	0	0
magical	0	1	0	0	0	1
magnet	0	0	0	1	0	0
magnificence	0	1	0	1	0	1
magnificent	0	1	0	1	0	1
mail	0	0	0	0	0	1
mainstay	0	0	0	1	0	0
maintenance	0	0	0	1	0	0
majestic	0	1	0	1	0	1
majesty	0	0	0	1	0	0
majority	0	1	0	1	0	0
malaise	0	0	0	0	1	0
malaria	0	0	1	0	1	0
malevolent	1	0	1	0	1	0
malice	1	0	1	0	0	0
malicious	1	0	1	0	1	0
malign	1	0	0	0	0	0
malignancy	0	0	1	0	1	0
malignant	1	0	1	0	0	0
malpractice	1	0	0	0	0	0
mamma	0	0	0	1	0	0
manage	0	0	0	1	0	0
management	0	0	0	1	0	0
mandamus	0	0	1	0	0	0
mandarin	0	0	0	1	0	0
mange	0	0	1	0	0	0
mangle	1	0	1	0	1	0
maniac	1	0	1	0	0	0
manifestation	0	0	1	0	0	0
manipulation	1	0	1	0	0	0
manslaughter	1	0	1	0	1	0
manual	0	0	0	1	0	0
margin	0	0	0	0	1	0
marine	0	0	0	1	0	0
marriage	0	1	0	1	0	1
marrow	0	1	0	1	0	0
marry	0	1	1	1	0	1
marshal	0	0	0	1	0	0
martial	1	0	0	0	0	0
martyr	0	0	1	0	1	0
martyrdom	0	0	1	0	1	0
marvelous	0	1	0	0	0	0
marvelously	0	1	0	0	0	0
masochism	1	0	1	0	0	0
massacre	1	0	1	0	1	0
massage	0	1	0	0	0	0
masterpiece	0	1	0	0	0	0
mastery	1	1	0	1	0	0
matchmaker	0	0	0	0	0	1
mate	0	0	0	1	0	0
maternal	0	0	0	0	0	1
mathematical	0	0	0	1	0	0
matrimony	0	1	0	1	0	1
matron	0	0	0	1	0	0
mausoleum	0	0	0	0	1	0
maxim	0	0	0	1	0	0
meaningless	0	0	0	0	1	0
measles	0	0	1	0	1	0
measure	0	0	0	1	0	0
measured	0	0	0	1	0	0
medal	0	1	0	1	0	1
meddle	1	0	0	0	0	0
mediate	0	0	0	1	0	1
mediator	0	0	0	1	0	1
medical	0	0	1	1	0	1
meditate	0	1	0	1	0	1
meek	0	0	0	0	1	0
melancholic	0	0	0	0	1	0
melancholy	0	0	0	0	1	0
melee	0	0	1	0	0	0
melodrama	1	0	0	0	1	0
meltdown	0	0	0	0	1	0
memorable	0	1	0	1	0	0
memorials	0	0	0	0	1	0
menace	1	0	1	0	0	0
menacing	1	0	1	0	0	0
mentor	0	0	0	1	0	0
mercenary	0	0	1	0	0	0
merchant	0	0	0	1	0	0
merciless	0	0	1	0	0	0
merge	0	0	0	0	0	1
merit	0	0	0	1	0	0
meritorious	0	1	0	1	0	0
merriment	0	1	0	0	0	0
merry	0	1	0	0	0	0
messenger	0	0	0	1	0	0
microscope	0	0	0	1	0	0
midwife	0	1	0	1	0	1
mighty	1	1	1	1	0	0
military	0	0	1	0	0	0
militia	1	0	1	0	1	0
mill	0	0	0	0	0	1
ministry	0	1	0	1	0	0
miracle	0	1	0	1	0	1
miraculous	0	1	0	0	0	0
mirth	0	1	0	0	0	0
misbehavior	1	0	0	0	0	0
miscarriage	0	0	1	0	1	0
misconception	1	0	1	0	0	0
miserable	1	0	0	0	1	0
miserably	0	0	0	0	1	0
misery	1	0	1	0	1	0
misfortune	0	0	1	0	1	0
mishap	0	0	1	0	1	0
mislead	1	0	1	1	0	0
misleading	1	0	0	0	0	0
misplace	1	0	0	0	0	0
misrepresentation	0	0	0	0	1	0
misrepresented	1	0	0	0	0	0
missile	0	0	1	0	0	0
missing	0	0	1	0	1	0
misstatement	1	0	0	0	0	0
mistake	0	0	0	0	1	0
mistaken	0	0	1	0	0	0
mistress	1	0	0	0	0	0
mistrust	0	0	1	0	0	0
misunderstanding	1	0	0	0	1	0
moan	0	0	1	0	1	0
moat	0	0	0	1	0	0
mob	1	0	1	0	0	0
mobile	0	0	0	0	0	1
mocking	1	0	0	0	1	0
moderator	0	0	0	1	0	0
modest	0	0	0	1	0	0
molestation	1	0	1	0	1	0
momentum	0	0	0	0	0	1
monetary	0	0	0	0	0	1
money	1	1	0	1	0	1
monk	0	0	0	1	0	0
monogamy	0	0	0	1	0	0
monsoon	0	0	0	0	1	0
monster	0	0	1	0	0	0
monstrosity	1	0	1	0	0	0
moody	1	0	0	0	1	0
moorings	0	0	0	1	0	0
moral	1	0	0	1	0	0
morality	0	0	0	1	0	0
morals	1	1	0	1	0	1
morbid	0	0	0	0	1	0
morbidity	1	0	1	0	1	0
morgue	0	0	1	0	1	0
moribund	0	0	0	0	1	0
morn	0	0	0	0	0	1
morrow	0	0	0	0	0	1
mortality	1	0	1	0	1	0
mortgage	0	0	1	0	0	0
mortgagee	0	0	0	1	0	0
mortgagor	0	0	1	0	0	0
mortification	0	0	1	0	1	1
mortuary	0	0	1	0	1	0
mosquito	1	0	0	0	0	0
mother	0	1	0	1	1	1
motherhood	0	1	0	1	0	0
motion	0	0	0	0	0	1
mountain	0	0	0	0	0	1
mourn	0	0	0	0	1	0
mournful	1	0	1	0	1	0
mourning	0	0	0	0	1	0
muff	1	0	0	0	0	0
mug	1	0	1	0	1	0
mule	1	0	0	1	0	0
mum	0	0	1	0	0	0
murder	1	0	1	0	1	0
murderer	1	0	1	0	1	0
murderous	1	0	1	0	1	0
murky	0	0	0	0	1	0
music	0	1	0	0	1	0
musical	1	1	0	1	1	1
musket	0	0	1	0	0	0
mutable	0	0	0	0	0	1
mutilation	1	0	1	0	1	0
mutiny	1	0	1	0	0	0
mutter	1	0	0	0	0	0
muzzle	0	0	1	0	0	0
myopia	1	0	0	0	1	0
mysterious	0	0	1	0	0	1
mystery	0	0	0	0	0	1
nag	1	0	0	0	0	0
nap	0	1	0	0	0	0
napkin	0	0	0	0	1	0
nascent	0	0	0	0	0	1
nasty	1	0	1	0	1	0
nation	0	0	0	1	0	0
nauseous	0	0	0	0	1	0
navigable	0	0	0	0	0	1
navigator	0	0	0	1	0	1
necessity	0	0	0	0	1	0
nefarious	0	0	1	0	1	0
negation	1	0	0	0	0	0
negative	0	0	0	0	1	0
neglected	1	0	0	0	1	0
negotiate	0	0	0	1	0	0
negro	0	0	0	0	1	0
neighbor	0	0	0	1	0	1
neighborhood	0	0	0	0	0	1
nepotism	1	0	0	0	1	0
nervous	0	0	1	0	0	1
nervousness	0	0	1	0	0	0
nest	0	0	0	1	0	0
nestle	0	0	0	1	0	0
nether	1	0	1	0	1	0
nettle	1	0	0	0	0	0
network	0	0	0	0	0	1
neuralgia	0	0	1	0	1	0
neurosis	0	0	1	0	1	0
neurotic	0	0	1	0	0	0
neutral	0	0	0	1	0	1
neutrality	0	0	0	1	0	0
newcomer	0	0	1	0	0	0
nightmare	0	0	1	0	0	0
nobility	0	0	0	1	0	1
noble	0	0	0	1	0	0
nobleman	0	0	0	1	0	0
noisy	1	0	0	0	0	0
noncompliance	1	0	1	0	1	1
nonsensical	0	0	0	0	1	0
noose	0	0	0	0	1	0
notable	0	1	0	1	0	0
notary	0	0	0	1	0	0
nothingness	0	0	0	0	1	0
notification	0	0	0	0	0	1
notoriety	1	0	1	0	0	0
noxious	0	0	1	0	0	0
nuisance	1	0	0	0	0	0
numbness	0	0	0	0	1	0
nun	0	0	0	1	0	0
nurse	0	0	0	1	0	0
nursery	0	1	0	1	0	0
nurture	1	1	1	1	0	1
nutritious	0	0	0	0	1	0
oasis	0	1	0	1	0	1
oath	0	0	0	1	0	0
obedience	0	0	0	1	0	0
obesity	0	0	0	0	1	0
obey	0	0	1	1	0	0
obi	0	0	1	0	0	0
obit	0	0	0	0	1	0
obituary	0	0	0	0	1	0
objection	1	0	0	0	0	0
objective	0	0	0	1	0	1
oblige	0	0	0	1	0	0
obliging	1	1	1	1	0	1
obligor	0	0	1	0	0	0
obliterate	1	0	1	0	1	0
obliterated	1	0	1	0	0	0
obliteration	0	0	1	0	1	0
oblivion	1	0	1	0	0	0
obnoxious	1	0	0	0	1	0
obscenity	1	0	0	0	0	0
obstacle	1	0	1	0	1	0
obstetrician	0	0	0	1	0	0
obstruct	1	0	1	0	0	0
obstructive	1	0	0	0	0	0
obtainable	0	1	0	0	0	0
obvious	0	0	0	1	0	0
occult	0	0	1	0	0	0
occupant	0	0	0	1	0	0
oddity	0	0	0	0	1	0
odious	1	0	1	0	0	0
offend	1	0	0	0	0	0
offended	1	0	0	0	1	0
offender	1	0	1	0	1	0
offense	1	0	1	0	1	0
offensive	1	0	0	0	0	0
offering	0	0	0	1	0	0
officer	0	0	0	1	0	0
official	0	0	0	1	0	0
offset	0	0	0	0	0	1
ogre	0	0	1	0	0	0
olfactory	0	0	0	0	0	1
omen	0	0	1	0	0	1
ominous	0	0	1	0	0	1
omnipotence	0	0	1	0	0	0
omniscient	0	0	0	1	0	0
onerous	1	0	0	0	1	0
ongoing	0	0	0	0	0	1
onset	0	0	0	0	0	1
opera	1	1	1	1	1	1
operation	0	0	1	1	0	0
opinionated	1	0	0	0	0	0
opium	1	0	1	0	1	0
opponent	1	0	1	0	0	1
opportune	0	1	0	0	0	0
opportunity	0	0	0	0	0	1
opposed	1	0	1	0	0	0
opposition	1	0	0	0	0	0
oppress	1	0	1	0	1	0
oppression	1	0	1	0	1	0
oppressive	1	0	1	0	1	0
oppressor	1	0	1	0	1	0
optimism	0	1	0	1	0	1
optimist	0	0	0	1	0	0
oracle	0	0	0	1	0	1
orc	1	0	1	0	0	0
orchestra	1	1	0	1	1	0
ordained	0	0	0	1	0	0
ordeal	1	0	0	0	0	0
ordinance	0	0	0	1	0	0
ordination	0	1	0	1	0	1
ordnance	0	0	1	0	0	0
organ	0	1	0	0	0	1
organization	0	1	0	1	0	1
orgasm	0	1	0	0	0	1
orphan	0	0	1	0	1	0
orthodoxy	0	0	0	1	0	0
oust	1	0	0	0	1	0
outburst	1	1	1	0	1	0
outcast	0	0	1	0	1	0
outcry	1	0	1	0	0	0
outdo	0	0	0	0	0	1
outpost	0	0	1	0	0	0
outrage	1	0	0	0	0	0
outsider	0	0	1	0	0	0
outstanding	0	1	0	0	0	0
ovation	0	0	0	0	1	0
overbearing	1	0	0	0	0	0
overdue	0	0	0	0	1	1
overjoyed	0	1	0	0	0	0
overload	0	0	0	0	1	0
overpowering	1	0	1	0	0	0
overpriced	1	0	0	0	1	0
overt	0	0	1	0	0	0
overthrow	0	0	1	0	0	1
overture	0	0	0	0	0	1
overwhelmed	0	0	0	0	1	0
owing	1	0	1	1	1	1
pact	0	0	0	1	0	0
paddle	0	0	0	0	0	1
pain	0	0	1	0	1	0
pained	0	0	1	0	1	0
painful	1	0	1	0	1	0
painfully	0	0	0	0	1	0
palsy	0	0	1	0	1	0
pandemic	0	0	1	0	1	0
panic	0	0	1	0	0	0
parachute	0	0	1	0	0	0
parade	0	1	1	0	0	1
paragon	0	1	0	1	0	1
paralysis	1	0	1	0	1	1
paranoia	0	0	1	0	0	0
parasite	0	0	1	0	0	0
pare	1	0	1	0	1	1
parietal	0	0	0	1	0	0
parish	0	0	0	1	0	0
parliament	0	0	0	1	0	0
parole	0	0	0	0	0	1
partake	0	0	0	1	0	0
parting	0	0	0	0	1	0
partnership	0	0	0	1	0	0
passenger	0	0	0	0	0	1
passion	0	1	0	1	0	1
passionate	0	1	0	1	0	1
pastor	0	1	0	1	0	0
pastry	0	1	0	0	0	0
pathetic	0	0	0	0	1	0
patience	0	0	0	1	0	1
patient	0	0	0	0	0	1
patriarchal	0	0	0	1	0	0
patrol	0	0	0	1	0	0
patron	0	0	0	1	0	0
patronage	0	0	0	1	0	0
patter	1	0	0	0	0	0
paucity	1	0	0	0	1	0
pauper	0	0	0	0	1	0
pavement	0	0	0	1	0	0
pawn	0	0	0	1	0	0
pay	0	1	0	1	0	1
payback	1	0	0	0	0	0
peace	0	1	0	1	0	1
peaceful	0	1	0	1	0	1
pedigree	0	0	0	1	0	0
penal	0	0	1	0	1	0
penalty	1	0	1	0	1	0
penance	0	0	1	0	1	0
penetration	1	0	1	0	0	0
penitentiary	1	0	0	0	0	0
pensive	0	0	0	0	1	0
perceive	0	0	0	1	0	0
perdition	1	0	1	0	1	0
perennial	0	0	0	1	0	0
perfect	0	1	0	1	0	1
perfection	0	1	0	1	0	1
peril	0	0	1	0	1	1
perilous	0	0	1	0	1	1
periodicity	0	0	0	1	0	0
perish	0	0	1	0	1	0
perished	0	0	0	0	1	0
perishing	0	0	1	0	1	0
perjury	0	0	1	0	0	0
pernicious	1	0	1	0	1	0
perpetrator	1	0	1	0	1	0
perpetuate	0	0	0	0	0	1
perpetuity	0	0	0	1	0	1
perplexity	0	0	0	0	1	0
persecute	1	0	1	0	0	0
persecution	1	0	1	0	1	0
personal	0	0	0	1	0	0
persuade	0	0	0	1	0	0
pertinent	0	0	0	1	0	0
perturbation	0	0	1	0	0	0
perverse	1	0	1	0	0	0
perversion	1	0	0	0	1	0
pervert	1	0	0	0	0	0
pessimism	1	0	1	0	1	0
pessimist	0	0	1	0	1	0
pest	1	0	1	0	0	0
pestilence	0	0	1	0	0	0
phalanx	0	0	1	1	0	0
phantom	0	0	1	0	0	0
philanthropic	0	0	0	1	0	0
philanthropist	0	0	0	1	0	0
philosopher	0	0	0	1	0	0
phony	1	0	0	0	0	0
physician	0	0	0	1	0	0
physicist	0	0	0	1	0	0
picket	1	0	1	0	0	1
picketing	1	0	0	0	0	0
picnic	0	1	0	1	0	1
picturesque	0	1	0	0	0	0
pill	0	0	0	1	0	0
pillage	1	0	1	0	0	0
pilot	0	0	0	1	0	0
pine	0	0	0	0	1	0
pinion	0	0	1	0	0	0
pious	0	0	0	1	1	0
pique	1	0	0	0	0	0
pirate	1	0	0	0	0	0
pitfall	1	0	1	0	1	0
pith	0	0	0	1	0	0
pity	0	0	0	0	1	0
pivot	0	0	0	1	0	0
plague	0	0	1	0	1	0
plaintive	0	0	0	0	1	0
plan	0	0	0	0	0	1
planning	0	0	0	1	0	1
playful	1	1	0	1	0	0
playground	0	1	0	1	0	1
playhouse	0	1	0	0	0	0
plea	0	0	1	0	1	1
pleasant	0	1	0	1	0	1
pleased	0	1	0	0	0	0
pleasurable	0	1	0	0	0	0
pledge	0	1	0	1	0	0
plight	0	0	1	0	1	1
plummet	0	0	1	0	0	0
plump	0	0	0	0	0	1
plunder	1	0	1	0	1	0
plunge	0	0	1	0	0	0
pneumonia	0	0	1	0	0	0
poaching	1	0	1	0	1	0
pointless	0	0	0	0	1	0
poison	1	0	1	0	1	0
poisoned	1	0	1	0	1	0
poisonous	1	0	1	0	1	0
poke	0	0	0	0	0	1
polemic	1	0	0	0	0	0
police	0	0	1	1	0	0
policeman	0	0	1	1	0	0
policy	0	0	0	1	0	0
polio	0	0	1	0	1	0
politics	1	0	0	0	0	0
poll	0	0	0	1	0	0
pontiff	0	0	0	1	0	0
posse	0	0	1	0	0	0
possess	0	1	0	1	0	1
possessed	1	0	1	0	0	0
possession	1	0	1	0	0	0
possibility	0	0	0	0	0	1
posthumous	0	0	0	0	1	0
pound	1	0	0	0	0	0
poverty	1	0	1	0	1	0
pow	1	0	0	0	0	0
powerful	1	1	1	1	0	1
powerfully	0	0	1	0	0	0
powerless	1	0	1	0	1	0
practiced	0	1	0	1	0	0
practise	0	0	0	0	0	1
praise	0	1	0	1	0	0
praised	0	1	0	0	0	0
praiseworthy	0	1	0	1	0	1
pray	0	1	1	1	0	1
precarious	0	0	1	0	1	1
precedence	0	0	0	1	0	0
precious	0	1	0	0	0	1
precipice	0	0	1	0	0	0
preclude	1	0	0	0	0	0
precursor	0	0	0	0	0	1
predicament	0	0	1	0	0	0
predict	0	0	0	0	0	1
prediction	0	0	0	0	0	1
predilection	0	0	0	0	0	1
predispose	0	0	0	0	0	1
predominant	0	0	0	1	0	0
prefer	0	0	0	1	0	0
prejudice	1	0	0	0	0	0
prejudiced	0	0	1	0	0	0
prejudicial	1	0	0	0	0	0
preliminary	0	0	0	0	0	1
premeditated	0	0	1	0	0	0
preparation	0	0	0	0	0	1
preparatory	0	0	0	0	0	1
prepare	0	0	0	0	0	1
prepared	0	0	0	1	0	1
preparedness	0	0	0	0	0	1
preponderance	0	0	0	1	0	0
prerequisite	0	0	0	0	0	1
prescient	0	0	0	0	0	1
present	0	1	0	1	0	1
preservative	0	1	0	1	0	1
president	0	0	0	1	0	0
prestige	0	1	0	1	0	0
presto	0	1	0	0	0	0
presumption	0	0	0	1	0	0
presumptuous	1	0	0	0	0	0
pretending	1	0	0	0	0	0
pretty	0	1	0	1	0	1
prevail	0	1	0	0	0	1
prevalent	0	0	0	1	0	0
prevent	0	0	1	0	0	0
prevention	0	0	0	0	0	1
prey	0	0	1	0	0	0
prick	1	0	1	0	0	0
pride	0	1	0	0	0	0
priest	0	0	0	1	0	0
priesthood	0	1	0	1	1	1
primer	0	0	0	1	0	0
princely	0	1	0	1	0	1
principal	0	0	0	1	0	0
prison	1	0	1	0	1	0
prisoner	1	0	1	0	1	0
privileged	0	1	0	1	0	0
privy	0	0	0	1	0	0
probability	0	0	0	0	0	1
probation	0	0	1	0	1	1
probity	0	0	0	1	0	0
problem	0	0	1	0	1	0
procedure	0	0	1	0	0	0
proceeding	0	0	0	0	0	1
procession	0	1	0	0	1	0
proctor	0	0	0	1	0	0
production	0	0	0	0	0	1
profane	1	0	0	0	0	0
profanity	1	0	0	0	0	0
professional	0	0	0	1	0	0
professor	0	0	0	1	0	0
professorship	0	0	0	1	0	0
proficiency	0	1	0	1	0	1
proficient	0	0	0	1	0	0
prognosis	0	0	1	0	0	1
prognostic	0	0	0	0	0	1
progress	0	1	0	0	0	1
progression	0	1	0	1	1	1
prohibited	1	0	1	0	0	0
projectile	0	0	1	0	0	0
projectiles	0	0	1	0	0	0
prologue	0	0	0	0	0	1
promise	0	1	0	1	0	0
proof	0	0	0	1	0	0
prophecy	0	0	0	0	0	1
prophet	0	0	0	1	0	1
prophetic	0	0	0	0	0	1
prophylactic	0	0	0	1	0	1
prosecute	1	0	1	0	1	0
prospectively	0	0	0	0	0	1
prosper	0	1	0	0	0	1
prosperous	0	1	0	0	0	0
prostitution	0	0	0	0	1	0
protected	0	0	0	1	0	0
protecting	0	0	0	1	0	0
protector	0	0	0	1	0	0
proud	0	1	0	1	0	1
proven	0	0	0	1	0	0
provide	0	0	0	1	0	0
providing	0	1	0	1	0	1
proviso	0	0	0	1	0	0
provocation	1	0	0	0	0	0
provoking	1	0	0	0	0	0
prowl	0	0	1	0	0	0
proxy	0	0	0	1	0	0
prudent	0	0	0	1	0	0
pry	1	0	0	1	0	1
psychosis	1	0	1	0	1	0
public	0	0	0	0	0	1
puma	0	0	1	0	0	0
punch	1	0	1	0	1	0
punctual	0	0	0	1	0	1
punish	0	0	1	0	0	0
punished	1	0	1	0	1	1
punishing	1	0	1	0	1	0
punishment	1	0	1	0	0	0
punitive	1	0	1	0	1	0
punt	0	0	0	0	0	1
puppy	0	0	0	1	0	1
purely	0	0	0	1	0	0
purgatory	0	0	1	0	0	0
purge	0	0	1	0	0	0
purification	0	0	0	1	0	0
purify	0	1	0	1	0	0
purr	0	1	0	1	0	0
putative	0	0	0	1	0	0
quail	0	0	1	0	0	0
quaint	0	1	0	1	0	0
quake	0	0	1	0	0	0
qualified	0	0	0	1	0	0
quandary	1	0	1	0	0	0
quarantine	0	0	1	0	0	0
quarrel	1	0	0	0	0	0
quash	0	0	1	0	0	0
quest	0	0	0	0	0	1
quicken	0	0	0	0	0	1
quiet	0	0	0	0	1	0
quiver	0	0	1	0	0	0
quivering	0	0	1	0	0	0
quote	0	0	0	0	0	1
rabble	1	0	1	0	0	0
rabid	1	0	1	0	1	1
rack	0	0	0	0	1	0
radar	0	0	0	1	0	0
radiance	0	1	0	1	0	1
radiant	0	1	0	0	0	0
radiation	0	0	1	0	0	0
radioactive	0	0	1	0	0	0
radon	0	0	1	0	0	0
raffle	0	0	0	0	0	1
rage	1	0	0	0	0	0
raging	1	0	1	0	0	0
raid	1	0	1	0	0	0
rail	1	0	0	0	0	1
rainy	0	0	0	0	1	0
ram	1	0	0	0	0	1
rampage	1	0	1	0	0	0
ranger	0	0	0	1	0	0
ransom	1	0	1	0	0	0
rape	1	0	1	0	1	0
rapping	1	0	0	0	0	0
rapt	0	1	0	1	0	0
raptors	0	0	1	0	0	0
rapture	0	1	0	0	0	1
rascal	1	0	1	0	0	0
rat	0	0	1	0	0	0
ratify	0	0	0	1	0	0
rating	1	0	1	0	1	0
rational	0	0	0	1	0	0
rattlesnake	0	0	1	0	0	0
rave	1	1	0	1	0	0
ravenous	1	0	1	0	1	0
ravine	0	0	1	0	0	0
raving	1	1	1	0	0	1
razor	0	0	1	0	0	0
react	1	0	1	0	0	0
readiness	0	1	0	1	0	1
ready	0	0	0	0	0	1
real	0	0	0	1	0	0
reassurance	0	0	0	1	0	0
reassure	0	0	0	1	0	0
rebel	1	0	1	0	0	0
rebellion	1	0	1	0	0	0
recalcitrant	1	0	0	0	0	0
receiving	0	1	0	0	0	1
recesses	0	0	1	0	0	0
recession	1	0	1	0	1	0
recidivism	1	0	0	0	1	0
recipient	0	0	0	0	0	1
reckless	1	0	1	0	0	0
recklessness	1	0	1	0	0	0
recline	0	0	0	1	0	0
recognizable	0	0	0	0	0	1
recombination	0	0	0	0	0	1
recommend	0	0	0	1	0	0
reconciliation	0	1	0	1	0	1
reconsideration	0	0	0	1	0	0
reconstruct	0	0	0	0	0	1
reconstruction	0	0	0	0	0	1
recreation	0	1	0	0	0	1
recreational	0	1	0	0	0	1
recruits	0	0	0	1	0	0
recurrent	0	0	0	0	0	1
referee	0	0	0	1	0	0
refugee	0	0	0	0	1	0
refused	0	0	0	0	1	0
refutation	0	0	1	0	0	0
regal	0	0	0	1	0	0
regatta	0	0	0	0	0	1
regent	0	0	0	1	0	0
regiment	0	0	1	0	0	0
registry	0	0	0	1	0	0
regret	0	0	0	0	1	0
regrettable	0	0	0	0	1	0
regretted	0	0	0	0	1	0
regretting	0	0	0	0	1	0
regularity	0	0	0	1	0	1
regulatory	0	0	1	0	0	0
rehabilitation	0	0	0	0	0	1
reimbursement	0	0	0	1	0	0
reinforcement	0	0	0	1	0	0
reinforcements	0	0	0	1	0	0
reject	1	0	1	0	1	0
rejection	1	0	1	0	1	0
rejects	1	0	1	0	1	0
rejoice	0	1	0	1	0	1
rejoicing	0	1	0	0	0	1
rekindle	0	1	1	0	0	1
relapse	0	0	1	0	1	0
related	0	0	0	1	0	0
relative	0	0	0	1	0	0
relevant	0	0	0	1	0	0
reliability	0	0	0	1	0	0
reliable	0	0	0	1	0	0
reliance	0	0	0	1	0	0
relics	0	0	0	0	1	0
religion	0	0	0	1	0	0
reluctant	0	0	1	0	0	0
remains	0	0	1	1	0	0
remand	1	0	0	0	0	0
remarkable	0	1	0	1	0	0
remedy	0	1	0	1	0	1
remiss	1	0	0	0	1	0
remorse	0	0	0	0	1	0
remove	1	0	1	0	1	0
renegade	1	0	0	0	0	0
renounce	1	0	0	0	0	0
renovate	0	0	0	0	0	1
renovation	0	1	0	0	0	1
reparation	0	0	0	1	0	0
repay	1	1	0	1	0	1
repellant	0	0	1	0	0	0
repellent	1	0	1	0	0	0
repent	0	0	1	0	0	0
reporter	0	0	0	1	0	0
representing	0	0	0	0	0	1
repress	0	0	0	0	1	0
repression	0	0	1	0	0	0
reprimand	1	0	0	0	0	0
reprisal	1	0	1	0	1	0
reproach	1	0	0	0	1	0
reproductive	0	1	0	0	0	0
repudiation	1	0	0	0	0	0
repulsion	0	0	1	0	0	0
reputable	0	0	0	1	0	0
requiem	0	0	0	0	1	0
rescue	0	1	0	1	0	1
resection	0	0	1	0	0	0
resent	1	0	0	0	0	0
resentful	1	0	0	0	0	0
resentment	1	0	0	0	1	0
resign	1	0	1	0	1	0
resignation	0	0	0	0	1	0
resigned	0	0	0	0	1	0
resistance	1	0	0	0	0	0
resistant	0	0	1	0	0	0
resisting	1	0	1	0	1	0
resources	0	1	0	1	0	0
respect	0	1	0	1	0	1
respectable	0	0	0	1	0	0
respectful	0	0	0	1	0	0
respects	0	0	0	1	0	0
respite	0	1	0	1	0	0
resplendent	0	1	0	0	0	0
responsible	0	0	0	1	0	0
responsive	0	0	0	1	0	1
restitution	1	0	0	0	0	0
restlessness	0	0	0	0	0	1
restorative	0	1	0	1	0	1
restrain	1	0	1	0	0	0
restrained	0	0	1	0	0	0
restrict	0	0	0	0	1	0
restriction	1	0	1	0	1	0
result	0	0	0	0	0	1
resultant	0	0	0	0	0	1
retain	0	0	0	1	0	0
retaliate	1	0	0	0	0	0
retaliation	1	0	1	0	0	0
retaliatory	1	0	0	0	0	0
retard	0	0	1	0	1	0
reticent	0	0	1	0	0	0
retirement	0	1	1	1	1	1
retract	1	0	0	0	0	0
retrenchment	0	0	1	0	0	0
retribution	1	0	1	0	1	0
reunion	0	0	0	1	0	1
revel	0	1	0	0	0	0
revels	0	1	0	0	0	0
revenge	1	0	1	0	0	1
revere	0	1	0	1	0	1
reverence	0	1	0	1	0	0
reverend	0	1	0	0	0	0
reverie	0	1	0	1	0	0
reversal	1	0	0	0	0	0
revival	0	1	0	1	0	1
revive	0	0	0	0	0	1
revoke	1	0	1	0	1	0
revolt	1	0	0	0	0	0
revolting	1	0	1	0	0	0
revolution	1	0	1	0	1	1
revolver	1	0	1	0	1	0
revulsion	1	0	1	0	0	0
reward	0	1	0	1	0	1
rheumatism	1	0	1	0	1	0
rhythmical	0	1	0	0	0	0
ribbon	1	1	0	0	0	1
ridicule	1	0	0	0	1	0
ridiculous	1	0	0	0	0	0
rifle	1	0	1	0	0	0
rigor	0	0	1	0	0	0
ringer	1	0	0	0	0	0
riot	1	0	1	0	0	0
riotous	1	0	1	0	0	0
ripen	0	0	0	0	0	1
rising	0	1	0	0	0	1
risk	0	0	1	0	0	1
risky	0	0	1	0	0	1
rivalry	1	0	0	0	0	0
roadster	0	1	0	1	0	0
rob	1	0	1	0	1	0
robber	0	0	1	0	0	0
robbery	1	0	1	0	1	0
rocket	1	0	0	0	0	0
rod	0	0	1	1	0	0
rollicking	0	1	0	0	0	0
romance	0	1	1	1	1	1
romantic	0	1	0	1	0	1
romanticism	0	1	0	0	0	0
romp	0	1	0	0	0	0
rook	1	0	0	0	0	0
rooted	0	0	0	1	0	0
rot	0	0	1	0	1	0
rota	0	0	0	1	0	0
roulette	0	0	0	0	0	1
routine	0	0	0	1	0	0
row	1	0	0	0	0	0
rubble	0	0	1	0	1	0
rue	0	0	0	0	1	0
ruin	0	0	1	0	1	0
ruined	1	0	1	0	1	0
ruinous	1	0	1	0	1	0
rule	0	0	1	1	0	0
rumor	0	0	0	0	1	0
runaway	0	0	0	0	1	0
rupture	0	0	1	0	1	0
ruthless	1	0	1	0	0	0
saber	1	0	1	0	0	0
sabotage	1	0	1	0	1	0
sacrifices	0	0	1	0	1	0
sadly	0	0	0	0	1	0
sadness	0	0	0	1	1	0
safe	0	1	0	1	0	0
safeguard	0	0	0	1	0	0
safekeeping	0	0	0	1	0	0
sag	0	0	1	0	0	0
sage	0	0	0	1	0	0
saint	0	1	0	1	0	1
saintly	0	1	0	1	0	1
salary	0	1	0	1	0	1
saliva	0	0	0	0	0	1
saloon	1	0	0	0	0	0
salutary	0	1	0	1	0	0
salute	0	1	0	0	0	0
salvation	0	1	0	1	0	1
samurai	0	0	1	0	0	0
sanctification	0	1	0	1	0	0
sanctify	0	1	0	1	1	1
sanctuary	0	1	0	1	0	1
sap	0	0	0	0	1	0
sappy	0	0	0	1	0	0
sarcasm	1	0	0	0	1	0
sarcoma	0	0	1	0	1	0
satanic	1	0	0	0	0	0
satisfied	0	1	0	0	0	0
savage	1	0	1	0	0	0
savagery	1	0	1	0	0	0
save	0	1	0	1	0	0
savor	0	1	0	1	1	1
scaffold	0	0	1	0	0	0
scalpel	0	0	1	0	0	0
scandal	0	0	1	0	0	0
scandalous	1	0	0	0	0	0
scapegoat	1	0	1	0	0	0
scar	1	0	1	0	1	0
scarce	0	0	1	0	1	0
scarcely	0	0	0	0	1	0
scarcity	1	0	1	0	1	0
scare	1	0	1	0	0	1
scarecrow	0	0	1	0	0	0
sceptical	0	0	0	1	0	0
schism	1	0	0	0	0	0
schizophrenia	1	0	1	0	1	0
scholarship	0	1	0	0	0	0
school	0	0	0	1	0	0
scientific	0	0	0	1	0	0
scientist	0	0	0	1	0	1
scoff	1	0	0	0	0	0
scold	1	0	1	0	1	0
scolding	1	0	0	0	0	0
scorching	1	0	0	0	0	0
score	0	1	0	0	0	1
scorn	1	0	0	0	0	0
scorpion	1	0	1	0	0	0
scoundrel	1	0	1	1	0	0
scourge	1	0	1	0	1	0
scrapie	1	0	1	0	1	0
scream	1	0	1	0	0	0
screaming	1	0	1	0	0	0
screech	0	0	1	0	0	0
screwed	1	0	0	0	0	0
scripture	0	0	0	1	0	0
scrutinize	0	0	0	0	0	1
seal	0	0	0	1	0	0
seals	0	0	0	1	0	0
secluded	0	0	0	0	1	0
seclusion	0	0	1	0	0	0
secrecy	0	0	0	1	0	0
secret	0	0	0	1	0	0
sectarian	1	0	1	0	0	0
secular	0	0	0	0	0	1
securities	0	0	0	1	0	0
sedition	1	0	0	0	1	0
seductive	0	0	0	0	0	1
seek	0	0	0	0	0	1
segregate	1	0	0	0	1	0
seize	0	0	1	0	0	0
seizure	0	0	1	0	0	0
selfish	1	0	0	0	0	0
senate	0	0	0	1	0	0
senile	0	0	1	0	1	0
seniority	0	0	0	1	0	0
sensational	0	1	0	0	0	0
senseless	1	0	1	0	1	0
sensual	0	1	0	1	0	1
sensuality	0	1	0	0	0	1
sensuous	0	1	0	0	0	0
sentence	1	0	1	0	1	1
sentinel	0	0	0	1	0	0
sentry	0	0	0	1	0	0
separatist	1	0	0	0	0	0
sepsis	0	0	1	0	1	0
sequel	0	0	0	0	0	1
sequestration	0	0	0	0	1	0
serene	0	0	0	1	0	0
serenity	0	1	0	1	0	1
serial	0	0	0	0	0	1
series	0	0	0	1	0	0
seriousness	0	0	1	0	1	0
sermon	0	0	0	1	0	0
serpent	0	0	1	0	0	0
servant	0	0	0	1	0	0
serve	0	0	0	1	0	0
servile	0	0	1	0	1	0
setback	0	0	0	0	1	0
settlor	0	0	1	0	0	0
severance	0	0	0	0	1	0
sex	0	1	0	1	0	1
shack	0	0	0	0	1	0
shackle	1	0	1	0	1	1
shady	0	0	1	0	0	0
shaking	0	0	1	0	0	0
shaky	1	0	1	0	0	1
sham	1	0	0	0	0	0
shame	0	0	1	0	1	0
shameful	0	0	0	0	1	0
shanghai	0	0	1	0	0	0
shank	0	0	1	0	0	0
share	0	1	0	1	0	1
sharpen	1	0	0	0	0	1
shatter	1	0	1	0	1	0
shattered	0	0	0	0	1	0
shell	1	0	1	0	1	0
shelter	0	0	0	1	0	0
shepherd	0	0	0	1	0	0
sheriff	0	0	0	1	0	0
shining	0	1	0	0	0	1
ship	0	0	0	0	0	1
shipwreck	0	0	1	0	1	0
shit	1	0	0	0	0	0
shiver	1	0	1	0	1	1
shock	1	0	1	0	0	0
shoddy	1	0	0	0	0	0
shoot	1	0	1	0	0	0
shooter	0	0	1	0	0	0
shooting	1	0	1	0	0	0
shopkeeper	0	0	0	1	0	0
shoplifting	1	0	0	0	0	0
shopping	0	1	0	1	0	1
shortage	1	0	1	0	1	0
shortly	0	0	0	0	0	1
shot	1	0	1	0	1	0
shoulder	0	0	0	1	0	0
shout	1	0	0	0	0	0
shove	1	0	0	0	0	0
show	0	0	0	1	0	0
shrapnel	0	0	1	0	0	0
shriek	1	0	1	0	1	0
shrill	1	0	1	0	0	0
shrink	0	0	1	0	1	0
shroud	0	0	0	0	1	0
shudder	0	0	1	0	0	0
shun	1	0	0	0	1	0
sib	0	0	0	1	0	0
sick	0	0	0	0	1	0
sickening	1	0	1	0	1	0
sickly	0	0	0	0	1	0
sickness	0	0	1	0	1	0
signature	0	0	0	1	0	0
signify	0	0	0	0	0	1
silly	0	1	0	0	0	0
simmer	1	0	0	0	0	1
simmering	0	0	0	0	0	1
simplify	0	1	0	1	0	1
sin	1	0	1	0	1	0
sincere	0	0	0	1	0	0
sinful	1	0	1	0	1	0
sing	0	1	0	1	1	1
sinister	1	0	1	0	0	0
sinner	1	0	1	0	1	0
sir	0	0	0	1	0	0
siren	0	0	1	0	0	0
sisterhood	1	0	0	1	1	0
sizzle	1	0	0	0	0	0
skewed	1	0	0	0	0	1
skid	1	0	1	0	1	0
skillful	0	0	0	1	0	0
skirmish	1	0	0	0	0	0
slam	1	0	1	0	0	0
slander	1	0	0	0	0	0
slap	1	0	0	0	0	0
slash	1	0	0	0	0	0
slaughter	1	0	1	0	1	0
slaughterhouse	1	0	1	0	1	0
slaughtering	1	0	1	0	1	0
slave	1	0	1	0	1	0
slavery	1	0	1	0	1	0
slay	1	0	0	0	0	0
slayer	1	0	1	0	1	0
sluggish	0	0	0	0	1	0
slump	0	0	0	0	1	0
slur	1	0	0	0	1	0
slut	1	0	0	0	0	0
sly	1	0	1	0	0	0
smack	1	0	0	0	0	0
smash	1	0	1	0	0	0
smell	1	0	0	0	0	0
smile	0	1	0	1	0	0
smiling	0	1	0	0	0	0
smite	1	0	1	0	1	0
smith	0	0	0	1	0	0
smother	1	0	0	0	0	0
smuggle	0	0	1	0	0	0
smuggler	1	0	1	0	0	0
smut	0	0	1	0	0	0
snake	0	0	1	0	0	0
snare	0	0	1	0	0	0
snarl	1	0	0	0	0	0
snarling	1	0	0	0	0	0
sneak	1	0	1	0	0	0
sneaking	0	0	1	1	0	1
sneer	1	0	0	0	0	0
snort	0	0	0	0	1	0
sob	0	0	0	0	1	0
sobriety	0	0	0	1	0	0
socialism	0	0	1	0	0	0
socialist	1	0	1	0	1	0
soldier	1	0	0	0	1	0
solidarity	0	0	0	1	0	0
solidity	0	0	0	1	0	0
somber	0	0	0	0	1	0
sonar	0	0	0	0	0	1
sonnet	0	1	0	0	1	0
sonorous	0	1	0	0	0	0
soothing	0	1	0	1	0	0
sorcery	0	0	1	0	0	1
sordid	1	0	1	0	1	0
sore	1	0	0	0	1	0
sorely	0	0	0	0	1	0
soreness	0	0	0	0	1	0
sorrow	0	0	1	0	1	0
sorrowful	0	0	0	0	1	0
sortie	0	0	1	0	0	0
soulless	0	0	1	0	1	0
soulmate	0	0	1	0	0	0
soundness	0	1	0	1	0	1
sovereign	0	0	0	1	0	0
spa	0	1	0	1	0	1
spaniel	0	1	0	1	0	0
spank	1	0	1	0	1	0
spanking	1	0	0	0	0	0
sparkle	0	1	0	0	0	1
spasm	0	0	1	0	0	0
spat	1	0	0	0	0	0
spear	1	0	1	0	0	1
special	0	1	0	0	0	0
specialist	0	0	0	1	0	0
specialize	0	0	0	1	0	0
spectacular	0	0	0	0	0	1
specter	0	0	1	0	1	0
speculation	0	0	1	0	1	0
speculative	0	0	0	0	0	1
spider	0	0	1	0	0	0
spike	0	0	1	0	0	0
spine	1	0	0	0	0	0
spinster	0	0	1	0	1	0
spirits	0	1	0	0	0	1
spite	1	0	0	0	0	0
spiteful	1	0	0	0	0	0
splendid	0	1	0	0	0	0
splendor	0	1	0	0	0	1
splitting	0	0	0	0	1	0
spoiler	0	0	0	0	1	0
spokesman	0	0	0	1	0	0
sponsor	0	0	0	1	0	0
spook	0	0	1	0	0	0
spotless	0	0	0	1	0	0
spouse	0	1	0	1	0	0
sprain	0	0	0	0	1	0
sprite	0	0	1	0	0	0
spur	0	0	1	0	0	0
squall	0	0	1	0	1	0
squeamish	0	0	1	0	0	0
squelch	1	0	0	0	0	0
stab	1	0	1	0	1	0
stable	0	0	0	1	0	0
stagnant	0	0	0	0	1	0
stalemate	1	0	0	0	0	0
stalk	0	0	1	0	0	0
stamina	0	0	0	1	0	0
standoff	1	0	1	0	0	0
standstill	1	0	0	0	0	0
star	0	1	0	1	0	1
stark	0	0	0	1	0	0
starry	0	1	0	0	0	1
start	0	0	0	0	0	1
startle	0	0	1	0	0	0
starvation	0	0	1	0	1	0
statement	0	0	0	1	0	0
statistical	0	0	0	1	0	0
steadfast	0	0	0	1	0	0
steady	0	0	0	1	0	0
steal	1	0	1	0	1	0
stealing	0	0	1	0	0	0
stealthy	0	0	1	0	0	1
sterile	0	0	0	0	1	0
sterling	1	1	0	1	0	1
steward	0	0	0	1	0	0
stifled	1	0	1	0	1	0
stigma	1	0	1	0	1	0
stillborn	0	0	0	0	1	0
stillness	0	0	1	0	1	0
sting	1	0	1	0	0	0
stingy	1	0	1	0	1	0
stint	0	0	1	0	1	0
stolen	1	0	0	0	0	0
stone	1	0	0	0	0	0
store	0	0	0	0	0	1
storm	1	0	0	0	0	0
storming	1	0	0	0	0	0
stormy	0	0	1	0	0	0
straightforward	0	0	0	1	0	0
strained	1	0	0	0	0	0
straits	0	0	1	0	0	0
stranger	0	0	1	0	0	0
strangle	1	0	1	0	1	0
strategist	0	0	0	1	0	1
strength	0	0	0	1	0	0
strengthening	0	1	0	1	0	0
stretcher	0	0	1	0	1	0
stricken	0	0	0	0	1	0
strife	1	0	0	0	0	0
strike	1	0	0	0	0	0
strip	0	0	0	0	1	0
stripped	1	0	1	0	1	1
strive	0	0	0	0	0	1
stroke	0	0	1	0	1	0
structural	0	0	0	1	0	0
structure	0	0	0	1	0	0
struggle	1	0	1	0	1	0
stunned	0	0	1	0	0	0
subjected	0	0	0	0	1	0
subjugation	1	0	1	0	1	0
sublimation	0	1	0	0	0	0
submit	0	0	0	0	0	1
subordinate	0	0	1	0	0	0
subscribe	0	0	0	0	0	1
subsidence	0	0	0	0	1	0
subsidy	1	0	0	0	0	0
substantiate	0	0	0	1	0	0
subversion	1	0	1	0	0	0
subversive	1	0	0	0	0	0
subvert	0	0	1	0	1	0
succeed	0	1	0	1	0	1
succeeding	0	1	0	1	0	1
success	0	1	0	0	0	1
successful	0	1	0	1	0	1
sucker	1	0	0	0	0	0
sue	1	0	0	0	1	0
sufferer	0	0	1	0	1	0
suffering	0	0	1	0	1	0
suffocating	0	0	1	0	1	0
suffocation	1	0	1	0	0	0
suggest	0	0	0	1	0	0
suicidal	1	0	1	0	1	0
suicide	1	0	1	0	1	0
sullen	1	0	0	0	1	0
sultan	0	0	1	0	0	0
sun	0	1	0	1	0	1
sundial	0	0	0	1	0	1
sunk	0	0	1	0	1	0
sunny	0	1	0	0	0	1
sunset	0	0	0	0	0	1
sunshine	0	1	0	0	0	0
superman	0	1	0	1	0	0
superstar	0	1	0	1	0	0
superstition	0	0	1	0	0	0
superstitious	0	0	1	0	0	1
supplication	0	0	0	1	0	0
supporter	0	1	0	1	0	0
supporting	0	0	0	1	0	0
suppress	1	0	1	0	1	0
suppression	1	0	1	0	0	0
supremacy	1	1	1	1	0	1
surcharge	1	0	0	0	0	0
surety	0	0	0	1	0	0
surgery	0	0	1	0	1	0
surly	1	0	0	0	0	0
surprise	0	1	1	0	0	0
surprisingly	0	0	0	0	0	1
surrender	0	0	1	0	1	0
surrendering	0	0	0	0	1	0
surrogate	0	0	0	1	0	0
surround	0	0	0	0	0	1
surveillance	0	0	1	0	0	0
suspect	0	0	1	0	0	0
suspense	0	0	1	0	0	1
suspension	0	0	1	0	0	0
suspicion	0	0	1	0	0	0
suspicious	1	0	0	0	0	1
swamp	0	0	1	0	0	0
swampy	0	0	1	0	0	0
swastika	1	0	1	0	0	0
swear	0	0	0	1	0	0
sweat	0	0	1	0	0	0
sweet	0	1	0	1	0	1
sweetheart	0	1	0	1	1	1
sweets	0	1	0	0	0	1
swelling	0	0	1	0	0	0
swerve	0	0	1	0	0	0
swim	0	1	1	0	0	1
symmetry	0	1	0	1	0	0
sympathetic	0	1	1	1	1	0
sympathize	0	0	0	0	1	0
sympathy	0	0	0	0	1	0
symphony	0	1	0	0	0	1
synchronize	0	1	0	1	0	1
syncope	0	0	1	0	1	0
synergistic	0	0	0	1	0	0
synod	0	0	0	1	0	0
synonymous	0	0	1	1	0	0
syringe	0	0	1	0	0	0
system	0	0	0	1	0	0
taboo	0	0	1	0	0	0
tabulate	0	0	0	0	0	1
tackle	1	0	0	0	0	0
tactics	0	0	1	1	0	0
taint	0	0	0	0	1	0
talons	1	0	1	0	0	0
tandem	0	0	0	1	0	0
tantalizing	0	1	0	0	0	1
tantamount	0	0	0	1	0	0
tariff	1	0	0	0	0	0
tarnish	0	0	0	0	1	0
taught	0	0	0	1	0	0
taunt	1	0	1	0	1	0
tax	0	0	0	0	1	0
teach	0	1	0	1	0	0
teacher	0	0	0	1	0	0
team	0	0	0	1	0	0
tearful	0	0	1	0	1	0
tease	1	0	0	0	1	1
teasing	1	0	1	0	0	0
temperate	0	0	0	1	0	0
tempest	1	0	1	0	1	1
tender	0	1	0	1	0	0
tenderness	0	1	0	0	0	0
tension	1	0	0	0	0	0
terminal	0	0	1	0	1	0
terminate	0	0	0	0	1	0
termination	0	0	0	0	1	0
terrible	1	0	1	0	1	0
terribly	0	0	0	0	1	0
terrific	0	0	0	0	1	0
terror	0	0	1	0	0	0
terrorism	1	0	1	0	1	0
terrorist	1	0	1	0	1	0
terrorize	1	0	1	0	1	0
testament	0	0	0	1	0	1
testimony	0	0	0	1	0	0
thankful	0	1	0	0	0	0
thanksgiving	0	1	0	0	0	0
theft	1	0	1	0	1	0
theocratic	1	0	1	1	1	0
theological	0	0	0	1	0	0
theology	0	0	0	0	0	1
theorem	0	0	0	1	0	0
theory	0	0	0	1	0	1
therapeutic	0	1	0	1	0	0
thermocouple	0	0	0	0	0	1
thermometer	0	0	0	1	0	0
thief	1	0	1	0	1	0
thirst	0	0	0	0	1	1
thirteenth	0	0	1	0	0	0
thorny	0	0	1	0	0	0
thought	0	0	0	0	0	1
thoughtful	0	0	0	1	0	0
thoughtless	1	0	0	0	0	0
thrash	1	0	1	0	1	0
threat	1	0	1	0	0	0
threaten	1	0	1	0	0	1
threatening	1	0	1	0	0	0
thresh	1	0	1	0	1	0
thrift	0	0	0	1	0	0
thrill	0	1	1	0	0	1
thrilling	0	1	0	0	0	1
thriving	0	1	0	0	0	1
throb	0	0	1	0	1	0
throne	0	0	0	1	0	0
throttle	1	0	0	0	0	0
thug	1	0	1	0	0	0
thump	1	0	0	0	0	0
thumping	0	0	1	0	0	0
thundering	1	0	1	0	0	0
tickle	0	1	0	1	0	1
tiff	1	0	0	0	0	0
tighten	1	0	0	0	0	0
time	0	0	0	0	0	1
timid	0	0	1	0	1	0
timidity	0	0	1	0	0	1
tinsel	0	1	0	0	0	0
tirade	1	0	0	0	0	0
title	0	0	0	1	0	0
toast	0	1	0	0	0	0
tolerate	1	0	0	0	1	0
tomb	0	0	0	0	1	0
tomorrow	0	0	0	0	0	1
toothache	0	0	1	0	0	0
top	0	0	0	1	0	1
torment	1	0	1	0	1	0
tornado	0	0	1	0	0	0
torpedo	1	0	0	0	0	0
torrent	0	0	1	0	0	0
tortious	1	0	0	0	0	0
torture	1	0	1	0	1	1
touchy	1	0	0	0	1	0
tough	0	0	0	0	1	0
toughness	1	0	1	1	0	0
towering	0	0	1	0	0	1
toxin	0	0	1	0	0	0
track	0	0	0	0	0	1
tract	0	0	1	0	0	0
trade	0	0	0	1	0	0
tragedy	0	0	1	0	1	0
trainer	0	0	0	1	0	0
traitor	1	0	1	0	1	0
tramp	0	0	1	0	1	0
tranquil	0	1	0	0	0	0
tranquility	0	1	0	1	0	0
transaction	0	0	0	1	0	0
transcendence	0	1	0	1	0	1
transcript	0	0	0	1	0	0
transitional	0	0	0	0	0	1
translation	0	0	0	1	0	0
trash	0	0	0	0	1	0
traumatic	1	0	1	0	1	0
travesty	0	0	1	0	1	0
treacherous	1	0	1	0	0	0
treachery	1	0	1	0	1	0
treadmill	0	0	0	0	0	1
treason	1	0	1	0	0	0
treasure	0	1	0	1	0	1
treasurer	0	0	0	1	0	0
treat	1	1	1	1	1	1
tree	1	1	0	1	0	1
trembling	0	0	1	0	0	0
tremor	1	0	1	0	1	1
trepidation	0	0	1	0	0	1
trespass	1	0	0	0	0	0
tribe	0	0	0	1	0	0
tribulation	0	0	1	0	1	0
tribunal	0	0	1	1	0	1
tribune	0	0	0	1	0	0
tributary	0	0	0	0	0	1
trickery	1	0	1	0	1	0
tripping	1	0	0	0	1	0
triumph	0	1	0	0	0	1
triumphant	0	1	0	1	0	1
troll	1	0	1	0	0	0
trophy	0	1	0	1	0	1
troublesome	1	0	1	0	0	0
truce	0	1	0	1	0	0
truck	0	0	0	1	0	0
true	0	1	0	1	0	0
truss	0	0	0	1	0	0
trust	0	0	0	1	0	0
trustee	0	0	0	1	0	0
truth	0	0	0	1	0	0
truthful	0	0	0	1	0	0
truthfulness	0	0	0	1	0	0
tumor	0	0	1	0	0	0
tumour	0	0	1	0	1	0
tumult	1	0	1	0	0	0
tumultuous	1	0	1	0	0	0
turbulence	1	0	1	0	0	0
turbulent	0	0	1	0	0	0
turmoil	1	0	1	0	1	0
tussle	1	0	0	0	0	0
tutelage	0	0	0	1	0	0
twinkle	0	1	0	0	0	1
typhoon	0	0	1	0	0	0
tyrannical	1	0	1	0	0	0
tyranny	0	0	1	0	1	0
tyrant	1	0	1	0	1	0
ugliness	0	0	1	0	1	0
ulcer	1	0	1	0	1	0
ultimate	0	0	0	0	1	1
ultimately	0	0	0	0	0	1
ultimatum	1	0	1	0	0	0
umpire	0	0	0	1	0	0
unable	0	0	0	0	1	0
unacceptable	0	0	0	0	1	0
unaccountable	0	0	0	1	1	1
unacknowledged	0	0	0	0	1	0
unattainable	1	0	0	0	1	0
unattractive	0	0	0	0	1	0
unbearable	0	0	0	0	1	0
unbeaten	0	1	0	0	1	1
unbridled	1	0	1	0	0	1
unbroken	0	0	0	1	0	0
uncanny	0	0	1	0	0	0
uncaring	1	0	0	0	1	0
uncertain	1	0	1	0	0	0
unconstrained	0	1	0	0	0	0
uncontrollable	1	0	0	0	0	1
undecided	0	0	1	0	0	1
underpaid	1	0	0	0	1	0
understanding	0	0	0	1	0	0
undertaker	0	0	0	0	1	0
undertaking	0	0	0	0	0	1
underwrite	0	0	0	1	0	0
undesirable	1	0	1	0	1	0
undesired	0	0	0	0	1	0
undisclosed	0	0	0	0	0	1
undoubted	0	0	0	0	0	1
undying	0	1	0	1	1	1
uneasiness	0	0	0	0	1	1
uneasy	0	0	1	0	0	0
uneducated	0	0	0	0	1	0
unemployed	0	0	1	0	1	0
unequal	1	0	1	0	1	0
unequivocal	0	0	0	1	0	0
unexpected	0	1	1	0	0	1
unexplained	0	0	0	0	1	1
unfair	1	0	0	0	1	0
unfairness	1	0	0	0	1	0
unfavorable	0	0	0	0	1	0
unfold	0	0	0	0	0	1
unforgiving	1	0	0	0	1	0
unfortunate	0	0	0	0	1	0
unfriendly	1	0	1	0	1	0
unfulfilled	1	0	0	0	1	1
ungodly	0	0	0	0	1	0
ungrateful	1	0	0	0	0	0
unhappiness	0	0	0	0	1	0
unhappy	1	0	0	0	1	0
unhealthy	0	0	1	0	1	0
unholy	0	0	1	0	0	0
unification	0	1	0	1	0	1
unimportant	0	0	0	0	1	0
uninspired	0	0	0	0	1	0
uninterested	0	0	0	0	1	0
uninteresting	0	0	0	0	1	0
uninvited	0	0	0	0	1	0
united	0	0	0	1	0	0
unity	0	0	0	1	0	0
university	0	0	0	0	0	1
unjust	1	0	0	0	0	0
unjustifiable	1	0	1	0	0	0
unkind	1	0	1	0	1	0
unknown	0	0	1	0	0	1
unlawful	1	0	1	0	1	0
unlucky	1	0	1	0	1	0
unnatural	0	0	1	0	0	0
unpaid	1	0	0	0	1	0
unpleasant	0	0	0	0	1	0
unpopular	0	0	0	0	1	0
unpublished	0	0	0	0	1	1
unquestionable	0	0	0	1	0	0
unquestionably	0	0	0	1	0	0
unquestioned	0	0	0	1	0	0
unreliable	0	0	0	1	0	0
unrequited	0	0	0	0	1	0
unresolved	0	0	0	0	0	1
unrest	0	0	1	0	1	0
unruly	1	0	1	0	0	0
unsafe	0	0	1	0	0	0
unsatisfied	0	0	0	0	1	0
unseat	0	0	0	0	1	0
unsettled	1	0	1	0	0	0
unspeakable	0	0	1	0	0	0
unstable	0	0	1	0	0	0
unsteady	0	0	1	0	0	0
unsuccessful	0	0	0	0	1	0
unsurpassed	0	1	1	1	0	1
unsympathetic	1	0	0	0	0	0
unthinkable	1	0	1	0	0	0
untie	0	1	0	0	0	0
untitled	0	0	0	0	1	0
untold	0	0	0	0	0	1
untoward	1	0	0	0	0	0
untrustworthy	1	0	0	0	0	0
unverified	0	0	0	0	0	1
unwavering	0	0	0	1	0	0
unwelcome	0	0	0	0	1	0
unwell	0	0	0	0	1	0
upheaval	1	0	1	0	1	0
uphill	0	0	1	0	0	1
uplift	0	1	0	1	0	1
upright	0	0	0	1	0	0
uprising	1	0	1	0	0	1
upset	1	0	0	0	1	0
urgency	0	0	1	0	0	1
urgent	0	0	1	0	0	1
urn	0	0	0	0	1	0
usher	0	0	0	1	0	0
usual	0	0	0	1	0	0
usurp	1	0	0	0	0	0
usurped	1	0	1	0	0	0
utopian	0	1	0	1	0	1
vacation	0	1	0	0	0	1
vainly	0	0	0	0	1	0
validity	0	0	1	0	0	0
valor	0	0	0	1	0	0
vampire	1	0	1	0	0	0
vanished	0	0	1	0	1	0
varicella	0	0	1	0	1	0
veal	0	0	0	1	1	0
veer	0	0	1	0	0	0
vegetative	0	0	0	0	1	0
vehement	1	0	1	0	0	0
vendetta	1	0	1	0	1	0
venerable	0	1	0	1	0	1
vengeance	1	0	0	0	0	0
vengeful	1	0	1	0	0	0
venom	1	0	1	0	0	0
venomous	1	0	1	0	0	0
vent	1	0	0	0	0	0
veracity	0	1	0	1	0	1
verdict	0	0	1	0	0	0
verge	0	0	1	0	0	1
verification	0	0	0	1	0	0
verified	0	0	0	1	0	0
verily	0	0	0	1	0	0
vermin	1	0	1	0	0	0
vernal	0	1	0	0	0	0
versus	1	0	0	0	0	0
vertigo	0	0	1	0	0	0
veteran	0	0	0	1	0	0
veto	1	0	0	0	0	0
vicar	0	0	0	1	0	0
vicious	1	0	0	0	0	0
victim	1	0	1	0	1	0
victimized	1	0	1	0	1	0
victor	0	1	0	0	0	0
victorious	0	1	0	0	0	0
victory	0	1	0	1	0	1
vigil	0	0	0	0	0	1
vigilance	0	0	0	1	0	1
vigilant	0	0	1	1	0	0
vigorous	0	0	0	1	0	0
villager	0	0	0	1	0	0
villain	0	0	1	0	0	0
villainous	1	0	1	0	0	0
vindicate	1	0	0	0	0	0
vindication	0	1	0	1	0	1
vindictive	1	0	0	0	0	0
violation	1	0	1	0	1	0
violence	1	0	1	0	1	0
violent	1	0	1	0	0	0
violently	1	0	1	0	1	0
viper	0	0	1	0	0	0
virgin	0	0	0	1	0	0
virginity	0	0	0	0	0	1
virtue	0	0	0	1	0	0
virtuous	0	1	0	1	0	0
virulence	1	0	1	0	0	0
vision	0	0	0	0	0	1
visionary	0	1	0	1	0	1
visitor	0	1	0	0	0	1
visor	0	0	0	0	0	1
vitality	0	1	0	1	0	0
vivacious	0	1	0	0	0	0
vivid	0	1	0	0	0	0
volatility	1	0	1	0	0	1
volcano	0	0	1	0	0	0
volunteer	0	1	1	1	0	1
volunteers	0	0	0	1	0	0
voluptuous	0	1	0	0	0	1
vote	1	1	0	1	1	1
votive	0	0	0	1	0	0
vouch	0	0	0	1	0	0
voucher	0	0	0	1	0	0
vow	0	1	0	1	0	1
voyage	0	0	0	0	0	1
vulgarity	1	0	0	0	1	0
vulnerability	0	0	1	0	1	0
vulture	0	0	1	0	0	0
waffle	1	0	0	0	1	0
wages	0	1	0	0	0	0
wail	0	0	1	0	1	0
wait	0	0	0	0	0	1
wallow	0	0	0	0	1	0
wan	0	0	1	0	1	0
wane	0	0	0	0	1	0
wanting	0	0	0	0	1	0
war	0	0	1	0	0	0
warden	1	0	1	1	0	0
ware	0	0	1	0	0	0
warfare	1	0	1	0	1	0
warlike	1	0	1	0	0	0
warlock	0	0	1	0	0	0
warn	0	0	1	1	0	1
warned	0	0	1	0	0	1
warning	0	0	1	0	0	0
warp	1	0	0	0	1	0
warranty	0	0	0	1	0	0
warrior	1	0	1	0	0	0
wary	0	0	1	0	0	0
wasted	1	0	0	0	0	0
wasteful	1	0	0	0	1	0
wasting	0	0	1	0	1	0
watch	0	0	1	0	0	1
watchdog	0	0	0	1	0	0
watchful	0	0	0	1	0	0
watchman	0	0	0	1	0	0
waver	0	0	1	0	0	0
weakly	0	0	1	0	1	0
wealth	0	1	0	1	0	0
wear	0	0	0	1	0	0
wearily	0	0	0	0	1	0
weariness	0	0	0	0	1	0
weary	0	0	0	0	1	0
weeds	0	0	0	0	1	0
weep	0	0	0	0	1	0
weeping	0	0	0	0	1	0
weigh	0	0	0	1	0	1
weight	0	1	1	1	1	1
weighty	0	0	1	0	0	0
weirdo	0	0	1	0	0	0
welcomed	0	1	0	0	0	0
wench	1	0	0	0	0	0
whim	0	1	0	0	0	1
whimper	0	0	1	0	1	0
whimsical	0	1	0	0	0	0
whine	0	0	0	0	1	0
whip	1	0	0	0	0	0
whirlpool	0	0	1	0	0	0
whirlwind	0	0	1	0	0	0
whiteness	0	1	0	0	0	0
wholesome	0	0	0	1	0	0
wicked	0	0	1	0	0	0
widow	0	0	0	0	1	0
widower	0	0	0	0	1	0
wilderness	0	0	1	0	1	1
wildfire	0	0	1	0	1	0
willful	1	0	0	0	1	0
wimp	0	0	1	0	0	0
wimpy	1	0	1	0	1	0
wince	1	0	1	0	1	0
winner	0	1	0	0	0	1
winning	0	1	0	1	1	1
winnings	0	1	0	0	0	1
wireless	1	0	0	0	0	1
wisdom	0	0	0	1	0	0
wishful	0	0	0	0	0	1
witch	1	0	1	0	0	0
witchcraft	1	0	1	0	1	0
withdraw	0	0	0	0	1	0
wither	0	0	0	0	1	0
withstand	0	0	1	0	0	1
witness	0	0	0	1	0	0
witty	0	1	0	0	0	0
wizard	0	0	0	0	0	1
woe	0	0	1	0	1	0
woeful	0	0	0	0	1	0
woefully	0	0	0	0	1	0
wonderful	0	1	0	1	0	0
wonderfully	0	1	0	0	0	0
wont	0	0	0	0	0	1
wop	1	0	0	0	0	0
word	0	0	0	1	0	0
words	1	0	0	0	0	0
worm	0	0	0	0	0	1
worn	0	0	0	0	1	0
worried	0	0	0	0	1	0
worry	0	0	1	0	1	1
worrying	0	0	1	0	1	1
worse	0	0	1	0	1	0
worsening	0	0	0	0	1	0
worship	0	1	1	1	0	1
worthless	1	0	0	0	1	0
worthy	0	0	0	1	0	0
wot	0	0	0	1	0	0
wound	1	0	1	0	1	0
wrangling	1	0	1	0	1	0
wrath	1	0	1	0	0	0
wreak	1	0	0	0	0	0
wreck	1	0	1	0	1	0
wrecked	1	0	1	0	1	0
wretch	1	0	0	0	1	0
wretched	0	0	0	0	1	0
wring	1	0	0	0	0	0
wrinkled	0	0	0	0	1	0
wrongdoing	1	0	0	0	1	0
wrongful	1	0	0	0	1	0
wrongly	1	0	1	0	1	0
xenophobia	0	0	1	0	0	0
yearning	0	1	0	1	0	1
yell	1	0	1	0	0	0
yelp	1	0	1	0	0	0
youth	1	1	1	0	0	1
zeal	0	1	0	1	0	1
zealous	0	1	0	1	0	0
zest	0	1	0	1	0	1
